date-time,date-time,S3($),Kinesis($),Tax($),CloudTrail($),Kinesis Firehose($),Key Management Service($),SQS($),CloudWatch($),QuickSight($),Lambda($),Cost Explorer($),Athena($),Config($),Glue($),Service Catalog($),SNS($),Secrets Manager($),Simple Workflow Service($),Step Functions($),CloudShell($),Glacier($),CodeArtifact($),Systems Manager($),Total costs($)
2023-04-01,2023-04-01,2.7290421737,3.8160478128,43.25,0.01140459,1.2853159277,0.00014508,3.72e-07,0.0765857481,0.0,0.0812177717,0.0,0.0,0.0,0.0,0.0,1.86e-06,4.65e-06,0.0,0.0,0.0,0.0,0.0,0.0,51.249765986
2023-04-02,2023-04-02,2.7344835661,3.8129152457,0.0,0.01198119,1.2592234029,9.765e-05,3.72e-07,0.0773177328,0.0,0.1447460478,0.0,0.0,0.0,0.0,0.0,1.395e-06,4.65e-06,0.0,0.0,0.0,0.0,0.0,0.0,8.0407712523
2023-04-03,2023-04-03,2.7016063138,3.8196347282,0.0,0.012276,1.3330874655,1.395e-05,7.44e-07,0.0788618493,0.0,0.153914213,0.0,0.0,0.0,0.0,0.0,9.3e-07,9.3e-06,0.0,0.0,0.0,0.0,0.0,0.0,8.0994054938
2023-04-04,2023-04-04,2.6845206862,3.8193163149,0.0,0.01110327,1.3003767823,0.00016182,3.72e-07,0.0754330946,0.0,0.1447180249,0.0,0.0,0.0,0.0,0.0,1.86e-06,4.65e-06,0.0,0.0,0.0,0.0,0.0,0.0,8.0356368749
2023-04-05,2023-04-05,2.68499009,3.8195597143,0.0,0.01160826,1.3156114816,0.00010044,7.44e-07,0.0753702965,0.0,0.1510464209,0.0,0.0,0.0,0.0,0.0,1.86e-06,9.3e-06,0.0,0.0,0.0,0.0,0.0,0.0,8.0582986073
2023-04-06,2023-04-06,2.6850095253,3.8210819264,0.0,0.0117087,1.3495641055,9.765e-05,3.72e-07,0.0756694032,0.0,0.1607960306,0.0,0.0,0.0,0.0,0.0,1.395e-06,4.65e-06,0.0,0.0,0.0,0.0,0.0,0.0,8.103933758
2023-04-07,2023-04-07,2.6941922657,3.8155462866,0.0,0.0113832,1.2968115333,9.765e-05,3.72e-07,0.0748255823,0.0,0.1561955038,0.0,0.0,0.0,0.0,0.0,1.395e-06,4.65e-06,0.0,0.0,0.0,0.0,0.0,0.0,8.0490584387
2023-04-08,2023-04-08,2.6961729985,3.816022366,0.0,0.01134135,1.2814819978,0.00010323,3.72e-07,0.0747018956,0.0,0.1487866616,0.0,0.0,0.0,0.0,0.0,1.395e-06,4.65e-06,0.0,0.0,0.0,0.0,0.0,0.0,8.0286169165
2023-04-09,2023-04-09,2.6920276765,3.8141157768,0.0,0.01119348,1.2558856756,9.765e-05,3.72e-07,0.074218234,0.0,0.1454629866,0.0,0.0,0.0,0.0,0.0,1.395e-06,4.65e-06,0.0,0.0,0.0,0.0,0.0,0.0,7.9930078965
2023-04-10,2023-04-10,2.690911494,3.8181052549,0.0,0.0115413,1.3074923498,0.00010044,7.44e-07,0.0751795328,0.0,0.1527080782,0.0,0.0,0.0,0.0,0.0,1.86e-06,9.3e-06,0.0,0.0,0.0,0.0,0.0,0.0,8.0560503537
2023-04-11,2023-04-11,2.3946715601,3.8198278711,0.0,0.01130043,1.3053276595,9.765e-05,3.72e-07,0.0744241321,0.0,0.1469165385,0.0,0.0,0.0,0.0,0.0,1.395e-06,4.65e-06,0.0,0.0,0.0,0.0,0.0,0.0,7.7525722583
2023-04-12,2023-04-12,2.9686211208,3.819673783,0.0,0.01154967,1.3196343327,9.765e-05,3.72e-07,0.0751724075,0.0,0.1532719444,0.0,0.0,0.0,0.0,0.0,1.395e-06,4.65e-06,0.0,0.0,0.0,0.0,0.0,0.0,8.3480273254
2023-04-13,2023-04-13,2.6838782482,3.8211516578,0.0,0.01250943,1.3263094848,0.00010602,7.44e-07,0.07808294,0.0,0.1526072273,0.0,0.0,0.0,0.0,0.0,1.86e-06,9.3e-06,0.0,0.0,0.0,0.0,0.0,0.0,8.0746569121
2023-04-14,2023-04-14,2.6857358152,3.8166870819,0.0,0.01250292,1.2883065676,0.00010044,3.72e-07,0.0778732926,0.0,0.1508236102,0.0,0.0,0.0,0.0,0.0,1.395e-06,4.65e-06,0.0,0.0,0.0,0.0,0.0,0.0,8.0320361445
2023-04-15,2023-04-15,2.6869825273,3.8158265735,0.0,0.01235412,1.2795395515,9.765e-05,3.72e-07,0.0765833026,0.0,0.1497235358,0.0,0.0,0.0,0.0,0.0,1.395e-06,4.65e-06,0.0,0.0,0.0,0.0,0.0,0.0,8.0211136777
2023-04-16,2023-04-16,2.6811464741,3.8095475908,0.0,0.01204629,1.2076740234,9.765e-05,3.72e-07,0.0754807455,0.0,0.1405692685,0.0,0.0,0.0,0.0,0.0,1.395e-06,4.65e-06,0.0,0.0,0.0,0.0,0.0,0.0,7.9265684593
2023-04-17,2023-04-17,2.6838021393,3.8174800595,0.0,0.01250292,1.2948514472,0.00010044,7.44e-07,0.0763836818,0.0,0.1504228468,0.0,0.0,0.0,0.0,0.0,1.86e-06,9.3e-06,0.0,0.0,0.0,0.0,0.0,0.0,8.0355554386
2023-04-18,2023-04-18,2.6774985637,3.8179464181,0.0,0.01207698,1.2876674286,5.022e-05,3.72e-07,0.0765497822,0.0,0.1455641297,0.0,0.0,0.0,0.0,0.0,9.3e-07,4.65e-06,0.0,0.0,0.0,0.0,0.0,0.0,8.0173594743
2023-04-19,2023-04-19,2.6552511611,3.8172786069,0.0,0.01116558,1.2946581534,0.00010881,7.44e-07,0.075210784,0.0,0.1500947192,0.0,0.0,0.0,0.0,0.0,1.86e-06,9.3e-06,0.0,0.0,0.0,0.0,0.0,0.0,8.0037797186
2023-04-20,2023-04-20,2.6530161939,3.8185686896,0.0,0.01119348,1.3108199737,0.00010323,1.116e-06,0.0768357599,0.0,0.1539095169,0.0,0.0,0.0,0.0,0.0,2.325e-06,1.395e-05,0.0,0.0,0.0,0.0,0.0,0.0,8.024464235
2023-04-21,2023-04-21,2.395739966,3.8170236457,0.0,0.01210767,1.2994748411,9.765e-05,3.72e-07,0.076751639,0.0,0.1529866931,0.0,0.0,0.0,0.0,0.0,1.395e-06,4.65e-06,0.0,0.0,0.0,0.0,0.0,0.0,7.7541885219
2023-04-22,2023-04-22,2.9298580421,3.8121038065,0.0,0.01212162,1.2384595988,9.765e-05,3.72e-07,0.0758044602,0.0,0.1431893879,0.0,0.0,0.0,0.0,0.0,1.395e-06,4.65e-06,0.0,0.0,0.0,0.0,0.0,0.0,8.2116409825
2023-04-23,2023-04-23,2.6617666518,3.8078087507,0.0,0.01182588,1.1950542307,0.00010323,3.72e-07,0.0753151409,0.0,0.138352144,0.0,0.0,0.0,0.0,0.0,1.395e-06,4.65e-06,0.0,0.0,0.0,0.0,0.0,0.0,7.8902324451
2023-04-24,2023-04-24,2.62461265,3.8178655539,0.0,0.01211976,1.29999351,0.00010602,7.44e-07,0.0775419626,0.0,0.1491084229,0.0,0.0,0.0,0.0,0.0,1.86e-06,9.3e-06,0.0,0.0,0.0,0.0,0.0,0.0,7.9813597834
2023-04-25,2023-04-25,2.625355704,3.8171757545,0.0,0.01215882,1.2942667385,0.00010602,3.72e-07,0.0764076063,0.0,0.148109324,0.0,0.0,0.0,0.0,0.0,1.395e-06,4.65e-06,0.0,0.0,0.0,0.0,0.0,0.0,7.9735863843
2023-04-26,2023-04-26,2.6234633666,3.8177327146,0.0,0.01189284,1.2873976894,0.00010602,7.44e-07,0.0758144571,0.0,0.1440414088,0.0,0.0,0.0,0.0,0.0,1.86e-06,9.3e-06,0.0,0.0,0.0,0.0,0.0,0.0,7.9604604005
2023-04-27,2023-04-27,2.619142895,3.8186529768,0.0,0.01187517,1.3190161522,0.00010881,3.72e-07,0.0766659954,0.0,0.1547023525,0.0,0.0,0.0,0.0,0.0,1.395e-06,4.65e-06,0.0,0.0,0.0,0.0,0.0,0.0,8.0001707689
2023-04-28,2023-04-28,2.6268318612,3.8189970071,0.0,0.01212534,1.3217672091,0.00010602,3.72e-07,0.0767140957,0.0,0.1543630124,0.0,0.0,0.0,0.0,0.0,1.395e-06,4.65e-06,0.0,0.0,0.0,0.0,0.0,0.0,8.0109109625
2023-04-29,2023-04-29,2.6295713804,3.8167497418,0.0,0.01192353,1.2904219538,0.00010323,3.72e-07,0.0759603471,0.0,0.1496375299,0.0,0.0,0.0,0.0,0.0,1.395e-06,4.65e-06,0.0,0.0,0.0,0.0,0.0,0.0,7.97437413
2023-04-30,2023-04-30,2.6330424528,3.8101924173,0.0,0.01188819,1.2209771326,0.00010323,3.72e-07,0.0753521571,0.0,0.1424034569,0.0,0.0,0.0,0.0,0.0,1.395e-06,4.65e-06,0.0,0.0,0.0,0.0,0.0,0.0,7.8939654537
2023-05-01,2023-05-01,2.6364553782,3.8137836005,44.62,0.01203513,1.2598373618,9.765e-05,3.72e-07,0.0758723919,0.0,0.0795741811,0.0,0.0,0.0,0.0,0.0,0.0,4.65e-06,0.0,0.0,0.0,0.0,0.0,0.0,52.4976607155
2023-05-02,2023-05-02,2.6358274183,3.8210857286,0.0,0.01217184,1.3360360385,0.00010044,7.44e-07,0.0768943016,0.0,0.1478829768,0.0,0.0,0.0,0.0,0.0,1.86e-06,9.3e-06,0.0,0.0,0.0,0.0,0.0,0.0,8.0300106478
2023-05-03,2023-05-03,2.6007553768,3.8174143193,0.0,0.01188912,1.3024475375,9.765e-05,3.72e-07,0.0751603948,0.0,0.1446863337,0.0,0.0,0.0,0.0,0.0,1.395e-06,4.65e-06,0.0,0.0,0.0,0.0,0.0,0.0,7.9524571491
2023-05-04,2023-05-04,2.5999368057,3.8194184435,0.0,0.01119162,1.3177761715,0.00010323,7.44e-07,0.070024754,0.0,0.1485635791,0.0,0.0,0.0,0.0,0.0,1.86e-06,9.3e-06,0.0,0.0,0.0,0.0,0.0,0.0,7.9670265078
2023-05-05,2023-05-05,2.6010968961,3.8165227903,0.0,0.01087821,1.2851535413,9.765e-05,3.72e-07,0.0597300165,0.0,0.1455790914,0.0,0.0,0.0,0.0,0.0,1.395e-06,4.65e-06,0.0,0.0,0.0,0.0,0.0,0.0,7.9190646126
2023-05-06,2023-05-06,2.5963060649,3.8133444418,0.0,0.01051923,1.2536998774,5.301e-05,3.72e-07,0.0545151847,0.0,0.1409249806,0.0,0.0,0.0,0.0,0.0,9.3e-07,4.65e-06,0.0,0.0,0.0,0.0,0.0,0.0,7.8693687414
2023-05-07,2023-05-07,2.5938849122,3.8080270138,0.0,0.01005702,1.1749242891,0.00010323,3.72e-07,0.0511218425,0.0,0.1284977387,0.0,0.0,0.0,0.0,0.0,1.395e-06,4.65e-06,0.0,0.0,0.0,0.0,0.0,0.0,7.7666224633
2023-05-08,2023-05-08,2.5967161445,3.8173060302,0.0,0.01078521,1.2964056463,0.00010044,7.44e-07,0.0615501615,0.0,0.1469063688,0.0,0.0,0.0,0.0,0.0,1.86e-06,9.3e-06,0.0,0.0,0.0,0.0,0.0,0.0,7.9297819053
2023-05-09,2023-05-09,2.6014358008,3.8175984123,0.0,0.01098051,1.3029818885,9.765e-05,3.72e-07,0.0638275942,0.0,0.149434276,0.0,0.0,0.0,0.0,0.0,1.395e-06,4.65e-06,0.0,0.0,0.0,0.0,0.0,0.0,7.9463625488
2023-05-10,2023-05-10,2.603187329,3.8170587096,0.0,0.01087356,1.2959931242,9.765e-05,3.72e-07,0.0636746877,0.0,0.1480704248,0.0,0.0,0.0,0.0,0.0,1.395e-06,4.65e-06,0.0,0.0,0.0,0.0,0.0,0.0,7.9389619023
2023-05-11,2023-05-11,2.6087166812,3.8178829152,0.0,0.01184913,1.3057937079,0.00010044,7.44e-07,0.0651514458,0.0,0.1501729802,0.0,0.0,0.0,0.0,0.0,1.86e-06,9.3e-06,0.0,0.0,0.0,0.0,0.0,0.0,7.9596792043
2023-05-12,2023-05-12,2.6044947735,3.8190475897,0.0,0.01148457,1.3143935135,0.00010044,3.72e-07,0.0647009059,0.0,0.1511479502,0.0,0.0,0.0,0.0,0.0,1.395e-06,4.65e-06,0.0,0.0,0.0,0.0,0.0,0.0,7.9653761598
2023-05-13,2023-05-13,2.6037837416,3.8152091725,0.0,0.01122603,1.2754355821,9.765e-05,3.72e-07,0.0640730357,0.0,0.1476398477,0.0,0.0,0.0,0.0,0.0,1.395e-06,4.65e-06,0.0,0.0,0.0,0.0,0.0,0.0,7.9174714766
2023-05-14,2023-05-14,2.5993911807,3.8138438865,0.0,0.01109955,1.2590376458,9.765e-05,3.72e-07,0.0637008667,0.0,0.1456079894,0.0,0.0,0.0,0.0,0.0,1.395e-06,4.65e-06,0.0,0.0,0.0,0.0,0.0,0.0,7.8927851861
2023-05-15,2023-05-15,2.5758330818,3.8172983574,0.0,0.01126044,1.2981638438,5.58e-05,3.72e-07,0.0645246335,0.0,0.1492967348,0.0,0.0,0.0,0.0,0.0,9.3e-07,4.65e-06,0.0,0.0,0.0,0.0,0.0,0.0,7.9164388433
2023-05-16,2023-05-16,2.5983650513,3.8164571365,0.0,0.01161849,1.281994334,0.0001116,7.44e-07,0.065587193,0.0,0.145379139,0.0,0.0,0.0,0.0,0.0,1.86e-06,9.3e-06,0.0,0.0,0.0,0.0,0.0,0.0,7.9195248478
2023-05-17,2023-05-17,2.5870728504,3.8186730545,0.0,0.01174404,1.3077706816,0.00010323,3.72e-07,0.0656245361,0.0,0.1487790354,0.0,0.0,0.0,0.0,0.0,1.395e-06,4.65e-06,0.0,0.0,0.0,0.0,0.0,0.0,7.939773845
2023-05-18,2023-05-18,2.6011344056,3.8216754643,0.0,0.01171242,1.3396427488,0.00010044,7.44e-07,0.0649911108,0.0,0.1523585815,0.0,0.0,0.0,0.0,0.0,1.86e-06,9.3e-06,0.0,0.0,0.0,0.0,0.0,0.0,7.991627075
2023-05-19,2023-05-19,2.5996841387,3.8241489591,0.0,0.01169754,1.3701257171,9.765e-05,3.72e-07,0.065684787,0.0,0.1561508133,0.0,0.0,0.0,0.0,0.0,1.395e-06,4.65e-06,0.0,0.0,0.0,0.0,0.0,0.0,8.0275960222
2023-05-20,2023-05-20,2.6106357597,3.8249487502,0.0,0.01154037,1.3511796694,9.765e-05,3.72e-07,0.0644760094,0.0,0.1458403325,0.0,0.0,0.0,0.0,0.0,1.395e-06,4.65e-06,0.0,0.0,0.0,0.0,0.0,0.0,8.0087249582
2023-05-21,2023-05-21,2.6118042545,3.823524744,0.0,0.01142691,1.3297358672,9.765e-05,3.72e-07,0.0639899206,0.0,0.1412401507,0.0,0.0,0.0,0.0,0.0,1.395e-06,4.65e-06,0.0,0.0,0.0,0.0,0.0,0.0,7.981825914
2023-05-22,2023-05-22,2.5971571986,3.8284071102,0.0,0.01156362,1.4024679043,0.00014508,3.72e-07,0.0657930146,0.0,0.1557668521,0.0,0.0,0.0,0.0,0.0,1.86e-06,4.65e-06,0.0,0.0,0.0,0.0,0.0,0.0,8.0613076618
2023-05-23,2023-05-23,2.6031617808,3.831118102,0.0,0.01198119,1.4226236282,9.765e-05,3.72e-07,0.065931511,0.0,0.1546838549,0.0,0.0,0.0,0.0,0.0,1.395e-06,4.65e-06,0.0,0.0,0.0,0.0,0.0,0.0,8.0896041339
2023-05-24,2023-05-24,2.5849219416,3.8345291304,0.0,0.01220439,1.4431763448,0.00010881,1.116e-06,0.0662569616,0.0,0.1518192388,0.0,0.0,0.0,0.0,0.0,2.325e-06,1.395e-05,0.0,0.0,0.0,0.0,0.0,0.0,8.0930342082
2023-05-25,2023-05-25,2.5848457823,3.8346400856,0.0,0.01229274,1.4521101189,0.00010323,3.72e-07,0.0664290637,0.0,0.1564094815,0.0,0.0,0.0,0.0,0.0,1.395e-06,4.65e-06,0.0,0.0,0.0,0.0,0.0,0.0,8.106836919
2023-05-26,2023-05-26,2.5847965584,3.8361203008,0.0,0.01226577,1.4618077232,0.00010323,3.72e-07,0.0662875481,0.0,0.1547488317,0.0,0.0,0.0,0.0,0.0,1.395e-06,4.65e-06,0.0,0.0,0.0,0.0,0.0,0.0,8.1161363792
2023-05-27,2023-05-27,2.5975363019,3.8316348712,0.0,0.01198212,1.4164611151,0.00010323,3.72e-07,0.0652567377,0.0,0.1496646473,0.0,0.0,0.0,0.0,0.0,1.395e-06,4.65e-06,0.0,0.0,0.0,0.0,0.0,0.0,8.0726454402
2023-05-28,2023-05-28,2.6017163588,3.8304837016,0.0,0.01175241,1.3920589387,0.00010323,3.72e-07,0.0650529538,0.0,0.1433157633,0.0,0.0,0.0,0.0,0.0,1.395e-06,4.65e-06,0.0,0.0,0.0,0.0,0.0,0.0,8.0444897732
2023-05-29,2023-05-29,2.5753155996,3.8350403253,0.0,0.010323,1.4608201413,2.79e-06,3.72e-07,0.0467980748,0.0,0.1583721245,0.0,0.0,0.0,0.0,0.0,4.65e-07,4.65e-06,0.0,0.0,0.0,0.0,0.0,0.0,8.0866775425
2023-05-30,2023-05-30,2.33357103,3.841494592,0.0,0.00890196,1.7123246108,2.79e-06,3.72e-07,0.0313340557,0.0,0.2365578428,0.0,0.0,0.0,0.0,0.0,4.65e-07,4.65e-06,0.0,0.0,0.0,0.0,0.0,0.0,8.1641923683
2023-05-31,2023-05-31,2.5979417436,3.8427526562,0.0,0.00865737,1.6666481052,5.58e-06,7.44e-07,0.0295823159,0.0,0.2140843646,0.0,0.0,0.0,0.0,0.0,9.3e-07,9.3e-06,0.0,0.0,0.0,0.0,0.0,0.0,8.3596831095
2023-06-01,2023-06-01,2.9906857651,3.8444065214,48.02,0.00889917,1.720212754,5.58e-06,7.44e-07,0.0311973489,0.0,0.1321944478,0.0,0.0,0.0,0.0,0.0,9.3e-07,9.3e-06,0.0,0.0,0.0,0.0,0.0,0.0,56.7476125612
2023-06-02,2023-06-02,2.7569071351,3.8443747954,0.0,0.0092628,1.8119116471,2.79e-06,3.72e-07,0.0336236437,0.0,0.2564036036,0.0,0.0,0.0,0.0,0.0,4.65e-07,4.65e-06,0.0,0.0,0.0,0.0,0.0,0.0,8.7124919019
2023-06-03,2023-06-03,2.7427368688,3.8429125934,0.0,0.00941346,1.8388271062,2.79e-06,3.72e-07,0.0343383837,0.0,0.2696807809,0.0,0.0,0.0,0.0,0.0,4.65e-07,4.65e-06,0.0,0.0,0.0,0.0,0.0,0.0,8.73791747
2023-06-04,2023-06-04,2.7495745174,3.8364394358,0.0,0.00860622,1.6224317126,2.79e-06,3.72e-07,0.0289638514,0.0,0.2108867786,0.0,0.0,0.0,0.0,0.0,4.65e-07,4.65e-06,0.0,0.0,0.0,0.0,0.0,0.0,8.4569107928
2023-06-05,2023-06-05,2.7652531867,3.8432521172,0.0,0.00942276,1.8207630976,5.58e-06,7.44e-07,0.0342613916,0.0,0.271502719,0.0,0.0,0.0,0.0,0.0,9.3e-07,9.3e-06,0.0,0.0,0.0,0.0,0.0,0.0,8.7444718261
2023-06-06,2023-06-06,2.7784762046,3.8405400937,0.0,0.00913911,1.7124630231,5.58e-06,7.44e-07,0.0316597347,0.0,0.2357623405,0.0,0.0,0.0,0.0,0.0,9.3e-07,9.3e-06,0.0,0.0,0.0,0.0,0.0,0.0,8.6080570606
2023-06-07,2023-06-07,2.791373509,3.841267434,0.0,0.00911586,1.6995446943,2.79e-06,3.72e-07,0.030677267,0.0,0.228528965,0.0,0.0,0.0,0.0,0.0,4.65e-07,4.65e-06,0.0,0.0,0.0,0.0,0.0,0.0,8.6005160063
2023-06-08,2023-06-08,2.7964320795,3.8429031312,0.0,0.00979104,1.8583638953,5.58e-06,7.44e-07,0.0354669427,0.0,0.2858680184,0.0,0.0,0.0,0.0,0.0,9.3e-07,9.3e-06,0.0,0.0,0.0,0.0,0.0,0.0,8.8288416611
2023-06-09,2023-06-09,2.8103141543,3.8403608171,0.0,0.00959388,1.7750295975,2.79e-06,3.72e-07,0.0335039436,0.0,0.2608110905,0.0,0.0,0.0,0.0,0.0,4.65e-07,4.65e-06,0.0,0.0,0.0,0.0,0.0,0.0,8.72962176
2023-06-10,2023-06-10,2.8309965455,3.839007265,0.0,0.00931302,1.7274733675,5.58e-06,7.44e-07,0.0322097961,0.0,0.2456320312,0.0,0.0,0.0,0.0,0.0,9.3e-07,9.3e-06,0.0,0.0,0.0,0.0,0.0,0.0,8.6846485793
2023-06-11,2023-06-11,2.8429077029,3.8403575477,0.0,0.00986451,1.8376356754,2.79e-06,3.72e-07,0.0353736837,0.0,0.2844951907,0.0,0.0,0.0,0.0,0.0,4.65e-07,4.65e-06,0.0,0.0,0.0,0.0,0.0,0.0,8.8506425874
2023-06-12,2023-06-12,2.8646850246,3.8387074164,0.0,0.00936696,1.7031046645,5.58e-06,7.44e-07,0.0319539421,0.0,0.2368092108,0.0,0.0,0.0,0.0,0.0,9.3e-07,9.3e-06,0.0,0.0,0.0,0.0,0.0,0.0,8.6846437724
2023-06-13,2023-06-13,2.875055188,3.8407491514,0.0,0.00964875,1.760518924,5.58e-06,7.44e-07,0.0333427505,0.0,0.2539582773,0.0,0.0,0.0,0.0,0.0,9.3e-07,9.3e-06,0.0,0.0,0.0,0.0,0.0,0.0,8.7732895952
2023-06-14,2023-06-14,2.8894918173,3.8414628144,0.0,0.00959574,1.750255307,2.79e-06,3.72e-07,0.0330530039,0.0,0.2485302038,0.0,0.0,0.0,0.0,0.0,4.65e-07,4.65e-06,0.0,0.0,0.0,0.0,0.0,0.0,8.7723971634
2023-06-15,2023-06-15,2.8995845905,3.8428393693,0.0,0.00971943,1.7853957433,8.37e-06,1.116e-06,0.0342198005,0.0,0.2594210189,0.0,0.0,0.0,0.0,0.0,1.395e-06,1.395e-05,0.0,0.0,0.0,0.0,0.0,0.0,8.8312047835
2023-06-16,2023-06-16,2.9094096738,3.8428644892,0.0,0.0098301,1.8311615086,5.58e-06,7.44e-07,0.03514418,0.0,0.2784722744,0.0,0.0,0.0,0.0,0.0,9.3e-07,9.3e-06,0.0,0.0,0.0,0.0,0.0,0.0,8.90689878
2023-06-17,2023-06-17,2.9366071031,3.8417913952,0.0,0.01012212,1.8775106269,2.79e-06,3.72e-07,0.0369183235,0.0,0.3000603965,0.0,0.0,0.0,0.0,0.0,4.65e-07,4.65e-06,0.0,0.0,0.0,0.0,0.0,0.0,9.0030182422
2023-06-18,2023-06-18,2.9447758026,3.8405895923,0.0,0.01004307,1.8613970541,2.79e-06,3.72e-07,0.0365008331,0.0,0.2978665247,0.0,0.0,0.0,0.0,0.0,4.65e-07,4.65e-06,0.0,0.0,0.0,0.0,0.0,0.0,8.9911811538
2023-06-19,2023-06-19,2.9711249058,3.8421711276,0.0,0.01026813,1.8795100649,1.395e-05,1.4136e-05,0.0377415175,0.0,0.3002811289,0.0,0.0,0.0,0.0,0.0,7.905e-06,9.3e-06,0.0,0.0,0.0,0.0,0.0,0.0,9.0411421657
2023-06-20,2023-06-20,2.9864107959,3.836122778,0.0,0.00996123,1.729793357,8.37e-06,1.116e-06,0.0341848409,0.0,0.2584018413,0.0,0.0,0.0,0.0,0.0,1.395e-06,9.3e-06,0.0,0.0,0.0,0.0,0.0,0.0,8.8548950241
2023-06-21,2023-06-21,2.999583486,3.8407801196,0.0,0.01013049,1.9074419059,8.37e-06,1.116e-06,0.0381684494,0.0,0.3131221555,0.0,0.0,0.0,0.0,0.0,1.395e-06,9.3e-06,0.0,0.0,0.0,0.0,0.0,0.0,9.1092467874
2023-06-22,2023-06-22,2.9673056745,3.8408379801,0.0,0.00978639,1.8155800243,8.37e-06,0.000684852,0.0357685799,0.0,0.2774441634,0.0,0.0,0.0,0.0,0.0,1.395e-06,9.3e-06,0.0,0.0,0.0,0.0,0.0,0.0,8.9474267292
2023-06-23,2023-06-23,2.97855781,3.8363821433,0.0,0.00965526,1.7083014577,5.58e-06,0.001450056,0.0330653062,0.0,0.2474925659,0.0,0.0,0.0,0.0,0.0,9.3e-07,4.65e-06,0.0,0.0,0.0,0.0,0.0,0.0,8.8149157591
2023-06-24,2023-06-24,3.0046330671,3.8364261883,0.0,0.00964968,1.7471372607,5.58e-06,0.001448568,0.0339426871,0.0,0.2612649393,0.0,0.0,0.0,0.0,0.0,9.3e-07,4.65e-06,0.0,0.0,0.0,0.0,0.0,0.0,8.8945135505
2023-06-25,2023-06-25,3.0174011791,3.8416196214,0.0,0.01011375,1.8760016612,5.58e-06,0.00145266,0.036809539,0.0,0.2983973359,0.0,0.0,0.0,0.0,0.0,9.3e-07,4.65e-06,0.0,0.0,0.0,0.0,0.0,0.0,9.0818069066
2023-06-26,2023-06-26,3.0309024622,3.8473075081,0.0,0.01040019,2.0790735913,5.58e-06,0.001436292,0.0418506376,0.0,0.3633066862,0.0,0.0,0.0,0.0,0.0,9.3e-07,4.65e-06,0.0,0.0,0.0,0.0,0.0,0.0,9.3742885274
2023-06-27,2023-06-27,3.0636181895,3.8450785488,0.0,0.01013049,1.9969280111,8.37e-06,0.001461216,0.0404494225,0.0,0.3388719581,0.0,0.0,0.0,0.0,0.0,1.395e-06,9.3e-06,0.0,0.0,0.0,0.0,0.0,0.0,9.296556901
2023-06-28,2023-06-28,3.0790502809,3.8452915299,0.0,0.0103602,1.980130821,1.674e-05,0.001921008,0.0399534865,0.0,0.3291572814,0.0,0.0,0.0,0.0,0.0,0.0002807372,1.395e-05,0.0,0.0,0.0,0.0,0.0,0.0,9.2861760349
2023-06-29,2023-06-29,3.0939906959,3.844928383,0.0,0.01031928,1.9440017469,5.58e-06,0.001990572,0.0382759233,0.0,0.3157847428,0.0,0.0,0.0,0.0,0.0,0.0003121708,4.65e-06,0.0,0.0,0.0,0.0,0.0,0.0,9.2496137447
2023-06-30,2023-06-30,3.1145780039,3.8435802171,0.0,0.01018629,1.9105100457,8.37e-06,0.002001732,0.0378247739,0.0,0.2480766065,0.0,0.0,0.0,0.0,0.0,0.0003196896,9.3e-06,0.0,0.0,0.0,0.0,0.0,0.0,9.1670950287
2023-07-01,2023-07-01,3.1426740139,3.8436431354,48.83,0.01027371,1.9564404584,5.58e-06,0.001989828,0.0388922259,0.0,0.107462674,0.0,0.0,0.0,0.0,0.0,0.0003263481,4.65e-06,0.0,0.0,0.0,0.0,0.0,0.0,57.9317126237
2023-07-02,2023-07-02,3.1702062086,3.8441619345,0.0,0.01035462,1.9497169084,5.58e-06,0.002005452,0.0386049436,0.0,0.0,0.0,0.0,0.0,0.0,0.0,0.0003263478,4.65e-06,0.0,0.0,0.0,0.0,0.0,0.0,9.0153866449
2023-07-03,2023-07-03,3.1381500326,3.8445557751,0.0,0.01032951,1.9313269209,5.58e-06,0.000948228,0.0380733985,0.0,0.2895261117,0.0,0.0,0.0,0.0,0.0,0.0003326492,4.65e-06,0.0,0.0,2.3996e-06,0.0,0.0,0.0,9.2532552556
2023-07-04,2023-07-04,2.9130831678,3.8435452047,0.0,0.01042158,1.9107916944,5.58e-06,0.000220968,0.0378752825,0.0,0.3046291988,0.0,0.0,0.0,0.0,0.0,0.000340095,4.65e-06,0.0,0.0,0.0,0.0,0.0,0.0,9.0209174212
2023-07-05,2023-07-05,3.4111813876,3.8411873111,0.0,0.00998541,1.8381538924,5.58e-06,0.00021948,0.0359693919,0.0,0.2856631993,0.0,0.0,0.0,0.0,0.0,0.0003378028,4.65e-06,0.0,0.0,0.0,0.0,0.0,0.0,9.4227081051
2023-07-06,2023-07-06,3.1733825157,3.8359840543,0.0,0.00947763,1.5998564877,8.37e-06,0.00021576,0.0300280298,0.0,0.2060746368,0.0,0.0,0.0,0.0,0.0,0.0003319683,9.3e-06,0.0,0.0,0.0,0.0,0.0,0.0,8.8553687526
2023-07-07,2023-07-07,2.9471773751,3.8338418601,0.0,0.00916236,1.5608255802,8.37e-06,0.000215388,0.0290623768,0.0,0.1976669327,0.0,0.0,0.0,0.0,0.0,0.000317575,9.3e-06,0.0,0.0,4.651e-06,0.0,0.0,0.0,8.5782917689
2023-07-08,2023-07-08,3.4108359808,3.8292698551,0.0,0.00868806,1.4879886033,5.58e-06,0.000212412,0.0275579039,0.0,0.1814593088,0.0,0.0,0.0,0.0,0.0,0.0003132686,4.65e-06,0.0,0.0,0.0,0.0,0.0,0.0,8.9463356225
2023-07-09,2023-07-09,3.1996666859,3.8296363386,0.0,0.00864807,1.4787172412,5.58e-06,0.000212412,0.0269425221,0.0,0.1755041312,0.0,0.0,0.0,0.0,0.0,0.0003132689,4.65e-06,0.0,0.0,0.0,0.0,0.0,0.0,8.7196508999
2023-07-10,2023-07-10,2.9649674239,3.8326967469,0.0,0.0088071,1.5162539597,5.58e-06,0.00021948,0.0276014829,0.0,0.1819079879,0.0,0.0,0.0,0.0,0.0,0.000323697,4.65e-06,0.0,0.0,0.0,0.0,0.0,0.0,8.5327881083
2023-07-11,2023-07-11,3.4453072274,3.8331348885,0.0,0.00886941,1.5378495937,1.116e-05,0.000217248,0.0286798005,0.0,0.1895438237,0.0,0.0,0.0,0.0,0.0,0.0003202352,1.395e-05,0.0,0.0,0.0,0.0,0.0,0.0,9.043947337
2023-07-12,2023-07-12,2.9798519451,3.8334634362,0.0,0.00878013,1.5235613146,5.58e-06,0.000224688,0.0265602558,0.0,0.1850182335,0.0,0.0,0.0,0.0,0.0,0.0003313801,4.65e-06,0.0,0.0,0.0,0.0,0.0,0.0,8.5578016133
2023-07-13,2023-07-13,3.4519422388,3.8319438218,0.0,0.00828723,1.4638836062,8.37e-06,0.000231012,0.0252816715,0.0,0.1682781531,0.0,0.0,0.0,0.0,0.0,0.0003406292,9.3e-06,0.0,0.0,0.0,0.0,0.0,0.0,8.9502060326
2023-07-14,2023-07-14,3.2199837253,3.831254348,0.0,0.00830676,1.4638721476,5.58e-06,0.000215388,0.0249463689,0.0,0.1693099438,0.0,0.0,0.0,0.0,0.0,0.000317659,4.65e-06,0.0,0.0,0.0,0.0,0.0,0.0,8.7182165706
2023-07-15,2023-07-15,3.2295374931,3.8296224363,0.0,0.00819423,1.4424820207,5.58e-06,0.000214272,0.0243755774,0.0,0.1657074672,0.0,0.0,0.0,0.0,0.0,0.000316013,4.65e-06,0.0,0.0,0.0,0.0,0.0,0.0,8.7004597397
2023-07-16,2023-07-16,3.2345248495,3.8293321202,0.0,0.00820353,1.4390015102,5.58e-06,0.000213156,0.0243700592,0.0,0.1659827205,0.0,0.0,0.0,0.0,0.0,0.0003143663,4.65e-06,0.0,0.0,0.0,0.0,0.0,0.0,8.7019525419
2023-07-17,2023-07-17,3.2448235092,3.8307419492,0.0,0.00822864,1.4536878375,5.58e-06,0.0002139,0.0242688098,0.0,0.1427424413,0.0,0.0,0.0,0.0,0.0,0.0003154642,4.65e-06,0.0,0.0,0.0,0.0,0.0,0.0,8.7050327812
2023-07-18,2023-07-18,3.2504114227,3.8141732076,0.0,0.00819795,1.323911393,5.58e-06,0.00021576,0.0243391921,0.0,0.1316193016,0.0,0.0,0.0,0.0,0.0,0.000318208,4.65e-06,0.0,0.0,0.0,0.0,0.0,0.0,8.553196665
2023-07-19,2023-07-19,3.2574027744,3.8179965884,0.0,0.008463,1.4151635374,5.58e-06,0.000214272,0.0266868757,0.0,0.1494432082,0.0,0.0,0.0,0.0,0.0,0.0003160126,4.65e-06,0.0,0.0,0.0,0.0,0.0,0.0,8.6756964987
2023-07-20,2023-07-20,3.2603118537,3.8157817023,0.0,0.00814401,1.3294184843,8.37e-06,0.000214644,0.024309568,0.0,0.1158814321,0.0,0.0,0.0,0.0,0.0,0.0003164779,9.3e-06,0.0,0.0,0.0,0.0,0.0,0.0,8.5543958423
2023-07-21,2023-07-21,3.2613170186,3.8149204027,0.0,0.00820725,1.335518877,5.58e-06,0.000214272,0.0245260955,0.0,0.1309820114,0.0,0.0,0.0,0.0,0.0,0.0003160131,4.65e-06,0.0,0.0,0.0,0.0,0.0,0.0,8.5760121703
2023-07-22,2023-07-22,3.2181010954,3.8132391991,0.0,0.00813564,1.3229702513,5.58e-06,0.00021204,0.0244643354,0.0,0.1265994588,0.0,0.0,0.0,0.0,0.0,0.0003127199,4.65e-06,0.0,0.0,0.0,0.0,0.0,0.0,8.5140449699
2023-07-23,2023-07-23,3.2227486246,3.8127668539,0.0,0.00808077,1.3121436348,5.58e-06,0.000213156,0.0242244381,0.0,0.1145587867,0.0,0.0,0.0,0.0,0.0,0.0003143668,4.65e-06,0.0,0.0,0.0,0.0,0.0,0.0,8.4950608609
2023-07-24,2023-07-24,3.226164328,3.8144395916,0.0,0.00805845,1.3157931667,5.58e-06,0.000212784,0.0238508745,0.0,0.1194992098,0.0,0.0,0.0,0.0,0.0,0.0003138172,4.65e-06,0.0,0.0,0.0,0.0,0.0,0.0,8.5083424518
2023-07-25,2023-07-25,3.2334912456,3.8187381921,0.0,0.00828816,1.3691574346,5.58e-06,0.000213528,0.0247440304,0.0,0.119571122,0.0,0.0,0.0,0.0,0.0,0.0003149155,4.65e-06,0.0,0.0,2.3859e-06,0.0,0.0,0.0,8.5745312441
2023-07-26,2023-07-26,3.241503169,3.8294186603,0.0,0.00878385,1.5539523099,8.37e-06,0.000216132,0.0282827241,0.0,0.1516188526,0.0,0.0,0.0,0.0,0.0,0.0003186742,9.3e-06,0.0,0.0,0.0,0.0,0.0,0.0,8.8141120421
2023-07-27,2023-07-27,3.2398547885,3.8287798569,0.0,0.00835512,1.4605036625,5.58e-06,0.000214644,0.0250753633,0.0,0.1123747387,0.0,0.0,0.0,0.0,0.0,0.000316562,4.65e-06,0.0,0.0,0.0,0.0,0.0,0.0,8.6754849659
2023-07-28,2023-07-28,3.2358898096,3.8280370651,0.0,0.00834768,1.4559146467,5.58e-06,0.000212412,0.0252931151,0.0,0.1037560574,0.0,0.0,0.0,0.0,0.0,0.0003132682,4.65e-06,0.0,0.0,0.0,0.0,0.0,0.0,8.6577742841
2023-07-29,2023-07-29,3.2620414096,3.830041654,0.0,0.00877548,1.5551874654,5.58e-06,0.000213156,0.0279376411,0.0,0.0,0.0,0.0,0.0,0.0,0.0,0.000314366,4.65e-06,0.0,0.0,0.0,0.0,0.0,0.0,8.6845214021
2023-07-30,2023-07-30,3.2878020231,3.8266197,0.0,0.00825096,1.4237150949,5.58e-06,0.000210924,0.024414053,0.0,0.0,0.0,0.0,0.0,0.0,0.0,0.0003110735,4.65e-06,0.0,0.0,0.0,0.0,0.0,0.0,8.5713340585
2023-07-31,2023-07-31,3.2802723574,3.8284064217,0.0,0.00828723,1.4518248505,5.58e-06,0.000215388,0.0249147568,0.0,0.0562028511,0.0,0.0,0.0,0.0,0.0,0.0003176595,4.65e-06,0.0,0.0,0.0,0.0,0.0,0.0,8.650451745
2023-08-01,2023-08-01,3.4070670648,3.8294319608,48.76,0.00858576,1.5130683663,5.58e-06,0.001994664,0.0266030746,0.0,0.0698937181,0.0,0.0,0.0,0.0,0.0,6.24435e-05,4.65e-06,0.0,0.0,0.0,0.0,0.0,0.0,57.6167172821
2023-08-02,2023-08-02,3.4200965637,3.8271392221,0.0,0.0082305,1.4530848848,5.58e-06,0.001663956,0.0251175495,0.0,0.0346551203,0.0,0.0,0.0,0.0,0.0,0.0003240563,4.65e-06,0.0,0.0,0.0,0.0,0.0,0.0,8.7703220827
2023-08-03,2023-08-03,3.3594077453,3.8262944745,0.0,0.00829374,1.4471036039,8.37e-06,0.001580256,0.0252832085,0.0,0.0434250792,0.0,0.0,0.0,0.0,0.0,0.0003302497,9.3e-06,0.0,0.0,0.0,0.0,0.0,0.0,8.7117360271
2023-08-04,2023-08-04,3.3311282502,3.8277110987,0.0,0.00844068,1.4902146582,5.58e-06,0.001650936,0.0265918687,0.0,0.0698466758,0.0,0.0,0.0,0.0,0.0,0.0003315031,4.65e-06,0.0,0.0,0.0,0.0,0.0,0.0,8.7559259007
2023-08-05,2023-08-05,3.3560827895,3.8259533502,0.0,0.00824352,1.4554368384,5.58e-06,0.001847352,0.0254115304,0.0,-0.0,0.0,0.0,0.0,0.0,0.0,0.000326348,4.65e-06,0.0,0.0,0.0,0.0,0.0,0.0,8.6733119585
2023-08-06,2023-08-06,3.3454371607,3.8259241365,0.0,0.00817098,1.4393380423,5.58e-06,0.002007312,0.0249510377,0.0,-0.0,0.0,0.0,0.0,0.0,0.0,0.0003280664,4.65e-06,0.0,0.0,0.0,0.0,0.0,0.0,8.6461669656
2023-08-07,2023-08-07,3.0555966773,3.8289353032,0.0,0.00866202,1.5286032606,5.58e-06,0.001563888,0.0274526704,0.0,0.0100325412,0.0,0.0,0.0,0.0,0.0,0.0003378035,4.65e-06,0.0,0.0,0.0,0.0,0.0,0.0,8.4611943942
2023-08-08,2023-08-08,3.6542591229,3.8296345669,0.0,0.00882105,1.5950039159,5.58e-06,0.001613364,0.0292597295,0.0,0.0,0.0,0.0,0.0,0.0,0.0,0.000319306,4.65e-06,0.0,0.0,0.0,0.0,0.0,0.0,9.1189212852
2023-08-09,2023-08-09,3.3631870746,3.8329612908,0.0,0.00899589,1.6746927526,8.37e-06,0.001499904,0.0313312637,0.0,0.0,0.0,0.0,0.0,0.0,0.0,0.0003164781,9.3e-06,0.0,0.0,0.0,0.0,0.0,0.0,8.9130023238
2023-08-10,2023-08-10,3.3532608822,3.8298558575,0.0,0.0087978,1.5578578579,5.58e-06,0.00152706,0.0283498537,0.0,0.0,0.0,0.0,0.0,0.0,0.0,0.000317111,4.65e-06,0.0,0.0,0.0,0.0,0.0,0.0,8.7799766523
2023-08-11,2023-08-11,3.3747882958,3.8308539021,0.0,0.00900147,1.6146227258,5.58e-06,0.001597368,0.0297387106,0.0,0.0,0.0,0.0,0.0,0.0,0.0,0.0003165625,4.65e-06,0.0,0.0,0.0,0.0,0.0,0.0,8.8609292648
2023-08-12,2023-08-12,3.3562668843,3.8256644781,0.0,0.00838209,1.4820790929,5.58e-06,0.002003964,0.0265694235,0.0,-0.0,0.0,0.0,0.0,0.0,0.0,0.0003110737,4.65e-06,0.0,0.0,0.0,0.0,0.0,0.0,8.7012872365
2023-08-13,2023-08-13,3.3667857083,3.8222788266,0.0,0.00796917,1.37292834,5.58e-06,0.002021076,0.0238022373,0.0,0.0,0.0,0.0,0.0,0.0,0.0,0.0003132693,4.65e-06,0.0,0.0,0.0,0.0,0.0,0.0,8.5961088575
2023-08-14,2023-08-14,3.3634919839,3.8287517427,0.0,0.00889638,1.5984802049,5.58e-06,0.001565004,0.0295022076,0.0,0.0,0.0,0.0,0.0,0.0,0.0,0.0003127201,4.65e-06,0.0,0.0,0.0,0.0,0.0,0.0,8.8310104732
2023-08-15,2023-08-15,3.3710777943,3.8318047878,0.0,0.00912144,1.6832927097,5.58e-06,0.002016984,0.0315884042,0.0,-0.0,0.0,0.0,0.0,0.0,0.0,0.000313269,4.65e-06,0.0,0.0,0.0,0.0,0.0,0.0,8.929225619
2023-08-16,2023-08-16,3.3750090636,3.8302490946,0.0,0.00888708,1.6135012544,5.58e-06,0.001721244,0.0297790876,0.0,-0.0,0.0,0.0,0.0,0.0,0.0,0.0003154636,4.65e-06,0.0,0.0,0.0,0.0,0.0,0.0,8.8594725178
2023-08-17,2023-08-17,3.3835526604,3.828377035,0.0,0.00864714,1.4914887154,5.58e-06,0.001492092,0.0264830642,0.0,0.0,0.0,0.0,0.0,0.0,0.0,0.0003138177,4.65e-06,0.0,0.0,0.0,0.0,0.0,0.0,8.7403647547
2023-08-18,2023-08-18,3.3799703465,3.8302003191,0.0,0.00895683,1.5688661573,5.58e-06,0.001461588,0.0286395785,0.0,0.0,0.0,0.0,0.0,0.0,0.0,0.0003198547,4.65e-06,0.0,0.0,0.0,0.0,0.0,0.0,8.8184249041
2023-08-19,2023-08-19,3.3738494766,3.8260274864,0.0,0.00833187,1.461760228,5.58e-06,0.001765884,0.025745127,0.0,0.0,0.0,0.0,0.0,0.0,0.0,0.0003127196,4.65e-06,0.0,0.0,0.0,0.0,0.0,0.0,8.6978030216
2023-08-20,2023-08-20,3.3590707165,3.8239001743,0.0,0.00798219,1.3713675077,5.58e-06,0.002018844,0.0233692767,0.0,0.0,0.0,0.0,0.0,0.0,0.0,0.0003127195,4.65e-06,0.0,0.0,0.0,0.0,0.0,0.0,8.5880316587
2023-08-21,2023-08-21,3.3095173863,3.8263073597,0.0,0.00836256,1.4465071356,5.58e-06,0.001538592,0.0253472519,0.0,0.0,0.0,0.0,0.0,0.0,0.0,0.0003132685,4.65e-06,0.0,0.0,0.0,0.0,0.0,0.0,8.617903784
2023-08-22,2023-08-22,3.295852034,3.8306209981,0.0,0.00893823,1.6237086335,5.58e-06,0.00146754,0.0300523166,0.0,0.0,0.0,0.0,0.0,0.0,0.0,0.0003165617,4.65e-06,0.0,0.0,0.0,0.0,0.0,0.0,8.7909665439
2023-08-23,2023-08-23,3.2941400984,3.8305873971,0.0,0.00890382,1.6073738734,5.58e-06,0.001507716,0.0294356818,0.0,0.0,0.0,0.0,0.0,0.0,0.0,0.0003280914,4.65e-06,0.0,0.0,0.0,0.0,0.0,0.0,8.7722869081
2023-08-24,2023-08-24,3.2939855878,3.8256374315,0.0,0.00831141,1.4422193696,5.58e-06,0.001349988,0.0254423121,0.0,0.0,0.0,0.0,0.0,0.0,0.0,0.0003132684,4.65e-06,0.0,0.0,0.0,0.0,0.0,0.0,8.5972695974
2023-08-25,2023-08-25,3.3057576589,3.8289428734,0.0,0.00886848,1.5651287246,5.58e-06,0.001397604,0.028574079,0.0,0.00042687,0.0,0.0,0.0,0.0,0.0,0.0003143663,4.65e-06,0.0,0.0,0.0,0.0,0.0,0.0,8.7394208862
2023-08-26,2023-08-26,3.3048418814,3.8233021803,0.0,0.0081003,1.3837894828,5.58e-06,0.001897572,0.0239862029,0.0,0.0,0.0,0.0,0.0,0.0,0.0,0.0003160123,4.65e-06,0.0,0.0,0.0,0.0,0.0,0.0,8.5462438617
2023-08-27,2023-08-27,3.2888695537,3.8270450417,0.0,0.00874014,1.5409670355,5.58e-06,0.001983132,0.0282169462,0.0,-0.0,0.0,0.0,0.0,0.0,0.0,0.0003138174,4.65e-06,0.0,0.0,0.0,0.0,0.0,0.0,8.6961458965
2023-08-28,2023-08-28,3.2904385665,3.8254480564,0.0,0.00842208,1.4607492771,5.58e-06,0.001598856,0.0262554556,0.0,0.003134472,0.0,0.0,0.0,0.0,0.0,0.0003182082,4.65e-06,0.0,0.0,0.0,0.0,0.0,0.0,8.6163752018
2023-08-29,2023-08-29,3.2833729797,3.8298697242,0.0,0.00877362,1.5691081537,5.58e-06,0.001666188,0.0283509931,0.0,0.00360375,0.0,0.0,0.0,0.0,0.0,0.0003121709,4.65e-06,0.0,0.0,0.0,0.0,0.0,0.0,8.7250678096
2023-08-30,2023-08-30,3.2811240148,3.832702562,0.0,0.00883314,1.609343911,5.58e-06,0.001798248,0.0291603958,0.0,0.00251379,0.0,0.0,0.0,0.0,0.0,0.000318757,4.65e-06,0.0,0.0,0.0,0.0,0.0,0.0,8.7658050486
2023-08-31,2023-08-31,3.2775535578,3.8326549382,0.0,0.00880896,1.6127021426,5.58e-06,0.001655028,0.0291359114,0.0,0.0,0.0,0.0,0.0,0.0,0.0,0.0003138173,4.65e-06,0.0,0.0,0.0,0.0,0.0,0.0,8.7628345853
2023-09-01,2023-09-01,3.4820026827,1.7136099446,51.57,0.00929628,1.8406721513,5.58e-06,0.001684788,0.0344008006,0.0,0.0,0.0,0.0,0.0,0.0,0.0,6.24436e-05,4.65e-06,0.0,0.0,0.0,0.0,0.0,0.0,58.6517393208
2023-09-02,2023-09-02,3.4305852494,1.7222919489,0.0,0.00973245,2.211148162,5.58e-06,0.001840656,0.043206185,0.0,0.0,0.0,0.0,0.0,0.0,0.0,0.0003269208,4.65e-06,0.0,0.0,0.0,0.0,0.0,0.0,7.4191418021
2023-09-03,2023-09-03,3.452629323,1.7246768208,0.0,0.00991659,2.3133757362,5.58e-06,0.002019588,0.0455886064,0.0,0.0,0.0,0.0,0.0,0.0,0.0,0.0003257751,4.65e-06,0.0,0.0,0.0,0.0,0.0,0.0,7.5485426695
2023-09-04,2023-09-04,3.4646141668,1.7292254784,0.0,0.00998634,2.4235748323,5.58e-06,0.00140244,0.0481515375,0.0,-0.0,0.0,0.0,0.0,0.0,0.0,0.0003269203,4.65e-06,0.0,0.0,0.0,0.0,0.0,0.0,7.6772919453
2023-09-05,2023-09-05,3.4773248716,1.731216785,0.0,0.01002726,2.5348188072,5.58e-06,0.00124062,0.0517556018,0.0,0.0,0.0,0.0,0.0,0.0,0.0,0.0003182073,4.65e-06,0.0,0.0,0.0,0.0,0.0,0.0,7.8067123829
2023-09-06,2023-09-06,3.4923117124,1.7069416997,0.0,0.0084909,1.5726874222,5.58e-06,0.001362264,0.0285408281,0.0,-0.0,0.0,0.0,0.0,0.0,0.0,0.0003143669,4.65e-06,0.0,0.0,0.0,0.0,0.0,0.0,6.8106594233
2023-09-07,2023-09-07,3.4706874904,1.7016765569,0.0,0.00804543,1.3489968867,5.58e-06,0.001634196,0.02290072,0.0,0.0,0.0,0.0,0.0,0.0,0.0,0.0003138178,4.65e-06,0.0,0.0,0.0,0.0,0.0,0.0,6.5542653278
2023-09-08,2023-09-08,3.469885042,1.7012901498,0.0,0.0079701,1.3440720923,5.58e-06,0.001602948,0.0226623639,0.0,0.0,0.0,0.0,0.0,0.0,0.0,0.0003132684,4.65e-06,0.0,0.0,0.0,0.0,0.0,0.0,6.5478061944
2023-09-09,2023-09-09,3.4703221038,1.7008793115,0.0,0.00783339,1.3281890568,5.58e-06,0.002015124,0.0222407998,0.0,0.0,0.0,0.0,0.0,0.0,0.0,0.0003132685,4.65e-06,0.0,0.0,0.0,0.0,0.0,0.0,6.5318032844
2023-09-10,2023-09-10,3.1964901596,1.7016627583,0.0,0.00782595,1.3337086615,5.58e-06,0.002004708,0.0223341367,0.0,0.0,0.0,0.0,0.0,0.0,0.0,0.0003132686,4.65e-06,0.0,0.0,0.0,0.0,0.0,0.0,6.2643498727
2023-09-11,2023-09-11,3.7474167081,1.7026455766,0.0,0.00799242,1.3560001261,5.58e-06,0.00196602,0.0227968026,0.0,0.0,0.0,0.0,0.0,0.0,0.0,0.0003149155,4.65e-06,0.0,0.0,0.0,0.0,0.0,0.0,6.8391427989
2023-09-12,2023-09-12,3.4499849801,1.7026003278,0.0,0.00803148,1.3567313884,5.58e-06,0.001965276,0.02284946,0.0,0.0,0.0,0.0,0.0,0.0,0.0,0.0003132687,4.65e-06,0.0,0.0,0.0,0.0,0.0,0.0,6.542486411
2023-09-13,2023-09-13,3.4539038718,1.7024131378,0.0,0.0081561,1.361710764,5.58e-06,0.001737984,0.0235323168,0.0,-0.0,0.0,0.0,0.0,0.0,0.0,0.0003335736,4.65e-06,0.0,0.0,0.0,0.0,0.0,0.0,6.551797978
2023-09-14,2023-09-14,3.2252553085,1.7025793893,0.0,0.01305999,1.3570998857,0.00147312,0.005521224,0.1162670197,0.0,0.0,0.1488,0.0,0.0,0.00013485,0.0,0.003312358,0.00014415,7.759e-07,7.203e-07,0.0,0.0,0.0,0.0,6.5736487914
2023-09-15,2023-09-15,3.5015361666,1.7024519003,0.0,0.01662561,1.3595799984,0.00228501,0.008692152,0.1753807934,0.0,0.0,0.3069,0.0,0.0,0.00018228,0.0,0.0053488458,0.00017205,1.0521e-06,7.428e-07,0.0,0.0,0.0,0.0,7.0791566014
2023-09-16,2023-09-16,3.7577095263,1.6997102836,0.0,0.01631034,1.330564833,0.00223758,0.009765744,0.1742881497,0.0,0.0,0.2976,0.0,0.0,0.00019158,0.0,0.0052124552,0.00016275,7.997e-07,9.739e-07,0.0,0.0,0.0,0.0,7.2937550154
2023-09-17,2023-09-17,3.5025732696,1.6986557023,0.0,0.0160425,1.3123627127,0.0012834,0.011000412,0.172635855,0.0,0.0,0.1767,0.0,0.0,0.00018786,0.0,0.0051831318,0.00028365,1.0487e-06,9.664e-07,0.0,0.0,0.0,0.0,6.8969105085
2023-09-18,2023-09-18,3.2510856753,2.1974406131,0.0,0.01639497,1.3260359768,0.00227943,0.009370308,0.1743554779,0.0,-0.0,0.2883,0.0,0.0,0.00017577,0.0,0.005302208,0.00027435,7.963e-07,7.368e-07,0.0,0.0,0.0,0.0,7.2710163122
2023-09-19,2023-09-19,3.4612638737,3.8254005875,0.0,0.01637637,1.3205971886,0.0022878,0.010859424,0.1741873141,0.0,0.0,0.2697,0.0,0.0,0.00018042,0.0,0.005395288,0.00030225,1.0521e-06,9.679e-07,0.0,0.0,0.0,0.0,9.0865525359
2023-09-20,2023-09-20,3.7059601745,3.8254635581,0.0,0.01639311,1.3347939466,0.00224037,0.009158268,0.1742065057,0.0,0.0,0.2604,0.0,0.0,0.00018135,0.001302,0.0053530251,0.00026505,7.827e-07,7.308e-07,0.0,0.0,0.0,0.0,9.3357188715
2023-09-21,2023-09-21,3.450604579,3.827285035,0.0,0.0167958,1.3641979624,0.0022878,0.008805984,0.1728375352,0.0,-0.0,0.2883,0.0,0.0,0.00019344,0.001302,0.0052429487,0.00026505,1.0402e-06,4.788e-07,0.0,0.0,0.0,0.0,9.1381196533
2023-09-22,2023-09-22,3.4511401271,3.8266469872,0.0,0.01637079,1.3615462672,0.0022878,0.008793336,0.1739759409,0.0,0.0,0.279,0.0,0.0,0.00020274,0.001302,0.005160221,0.00013485,7.963e-07,9.724e-07,0.0,0.0,0.0,0.0,9.1265628281
2023-09-23,2023-09-23,3.4504537939,3.8250544577,0.0,0.01589091,1.3353717203,0.00227664,0.010465104,0.1701440789,0.0,0.0,0.3069,0.0,0.0,0.00019437,0.001302,0.005012346,0.00027435,7.861e-07,7.413e-07,0.0,0.0,0.0,0.0,9.1233412982
2023-09-24,2023-09-24,3.2019042286,3.8245514698,0.0,0.01591695,1.3236517578,0.00229338,0.010755264,0.1702063715,0.0,-0.0,0.2883,0.0,0.0,0.00016647,0.001302,0.0050445668,0.00027435,1.0504e-06,9.724e-07,0.0,0.0,0.0,0.0,8.8443688313
2023-09-25,2023-09-25,4.5515587396,3.8274425287,0.0,4.76854245,1.3628351002,0.00263097,0.0085839,0.5504466104,0.0,0.0,0.279,0.0,0.43524,0.00020274,0.001302,0.0052109562,0.00013485,7.963e-07,9.867e-07,2.4785e-06,1.109e-07,0.0,0.0,15.7931352175
2023-09-26,2023-09-26,4.7477183965,3.8280640078,0.0,7.09804644,1.3832441266,0.00283464,0.00851322,0.7446034903,0.0,0.0,0.3069,0.0,0.010602,0.0001953,0.001302,0.0051110414,0.00015345,1.0504e-06,7.383e-07,0.0,0.0,0.0,0.0,18.1372899013
2023-09-27,2023-09-27,4.768115327,3.8269695978,0.0,7.29092472,1.3711668253,0.00269793,0.008829048,0.759365357,0.0,-0.0,0.2511,0.0,0.010602,0.00017205,0.001302,0.0052245298,0.00021855,7.912e-07,9.664e-07,0.0,0.0,0.0,0.0,18.2966896925
2023-09-28,2023-09-28,4.4923749059,3.8255361636,0.0,7.12854858,1.3639742118,0.00276489,0.009553332,0.7475614546,0.0,0.0,0.2046,0.0,0.013392,0.00017298,0.001302,0.0051763276,0.00018135,1.0385e-06,9.604e-07,0.0,0.0,0.0,0.0,17.7951401944
2023-09-29,2023-09-29,5.0419153007,3.8280319026,0.0,7.22382057,1.3893240148,0.00277605,0.00881826,0.7605468711,0.0,0.0,0.2418,0.0,0.013392,0.00017856,0.001302,0.0051049657,0.00021855,1.0385e-06,9.649e-07,0.0,0.0,0.0,0.0,18.5172310483
2023-09-30,2023-09-30,4.5178465708,3.8278333916,0.0,7.25794227,1.3885879262,0.00271467,0.009338316,0.7582221721,0.0,0.0,0.2418,0.0,0.010602,0.00016368,0.000651,0.0050404716,0.00020925,7.827e-07,7.323e-07,0.0,0.0,0.0,0.0,18.0209532333
2023-10-01,2023-10-01,5.0357515553,3.8260087677,114.14,7.22576613,1.3504972576,0.00272304,0.010668216,0.7516675007,0.0,0.0,0.2325,0.0,0.01302,0.00012462,0.0,0.0051774589,0.00021855,7.793e-07,7.158e-07,0.0,0.0,0.0,0.0,132.5941245913
2023-10-02,2023-10-02,4.5071741648,3.8265114106,0.0,7.31739252,1.3544162248,0.00262818,0.010855332,0.7715283771,0.0,0.0,0.2046,0.0,0.01302,0.00011253,0.0,0.0053169432,0.00017205,1.0385e-06,9.604e-07,0.0,0.0,0.0,0.0,18.0137297314
2023-10-03,2023-10-03,5.0373228576,3.8269817789,0.0,7.41244689,1.3596006542,0.00246636,0.008727492,0.7815376734,0.0,0.0,0.2139,0.0,0.01302,9.021e-05,0.0,0.0054299137,0.00020925,7.827e-07,9.604e-07,0.0,0.0,0.0,0.0,18.6617348229
2023-10-04,2023-10-04,4.7850831015,3.8269933747,0.0,7.36777341,1.3623888029,0.00150102,0.008742372,0.7797267795,0.0,0.0,0.2325,0.0,0.01581,9.486e-05,0.0,0.0053663812,0.00019065,1.0385e-06,7.308e-07,0.0,0.0,0.0,0.0,18.3861725211
2023-10-05,2023-10-05,4.8103341756,3.8272715286,0.0,7.40114646,1.3645352477,0.00265329,0.0086397,0.7908127302,0.0,0.0,0.1767,0.0,0.01302,0.0001023,0.0,0.0053747254,0.00016275,1.0334e-06,9.529e-07,0.0,0.0,0.0,0.0,18.4007548938
2023-10-06,2023-10-06,4.822788582,3.8284909152,0.0,7.467528,1.3816802792,0.00298809,0.008549304,0.7969089355,0.0,0.0,0.1953,0.0,0.02139,0.00011346,0.0,0.0052784981,0.0001581,7.793e-07,7.203e-07,0.0,0.0,0.0,0.0,18.5311756636
2023-10-07,2023-10-07,4.5258659288,3.8290286238,0.0,7.31600775,1.381355206,0.00313875,0.01025418,0.7752409318,0.0,0.0,0.1581,0.0,0.01581,0.00012183,0.001302,0.0051198535,0.0001953,1.0334e-06,9.589e-07,0.0,0.0,0.0,0.0,18.0215423462
2023-10-08,2023-10-08,5.0612094169,3.8272701517,0.0,7.39230867,1.3582548285,0.00320571,0.01061316,0.7770058629,0.0,-0.0,0.2046,0.0,0.01302,9.3e-05,0.001302,0.0049705224,0.0001953,7.827e-07,7.308e-07,0.0,0.0,0.0,0.0,18.6540501359
2023-10-09,2023-10-09,4.8424247517,3.8283385652,0.0,7.41313788,1.369498188,0.00303552,0.008660532,0.790493904,0.0,0.0,0.186,0.0,0.01302,0.00011346,0.001302,0.0051125619,0.000186,1.0317e-06,9.589e-07,0.0,0.0,0.0,0.0,18.4613253534
2023-10-10,2023-10-10,4.6343553958,3.8282549662,0.0,8.04803772,1.3782706321,0.00313875,0.009074196,0.8486036274,0.0,0.0,0.2046,0.0,0.01302,0.00011253,0.000651,0.0055210322,0.0001767,7.81e-07,7.218e-07,0.0,0.0,0.0,0.0,18.9738180525
2023-10-11,2023-10-11,5.2367984605,3.829153205,0.0,8.65850274,1.4002113923,0.03224778,0.009269868,0.8904287076,0.0,0.0,0.2046,0.0,0.038502,0.00014229,0.001302,0.0056776483,0.0001581,1.0317e-06,7.203e-07,0.0,0.0,0.0,0.0,20.3069959437
2023-10-12,2023-10-12,4.9655579312,3.8290374834,0.0,8.55894159,1.4094253085,0.05940102,0.00911028,0.89192058,0.0,0.0,0.2232,0.0,0.018972,0.00014973,0.001302,0.0054293692,0.00019995,7.81e-07,9.574e-07,0.0,0.0,0.0,0.0,19.9726489807
2023-10-13,2023-10-13,5.0835827062,3.8276321624,0.0,9.8359962,1.4001700785,0.06050307,0.009341664,0.9857567607,0.0,0.0,0.1953,0.0,0.016182,0.00019809,0.001302,0.0057710034,0.00030225,9.735e-07,7.136e-07,0.0,5.72e-08,0.0,0.0,21.4220397295
2023-10-14,2023-10-14,5.1292306052,3.8275467396,0.0,10.58651457,1.3836397633,0.06347442,0.012260004,1.0217036035,0.0,0.0,0.1767,0.0,0.010602,0.00018042,0.001953,0.0058272587,0.00027435,7.329e-07,9.429e-07,0.0,7.84e-08,0.0,0.0,22.2199084885
2023-10-15,2023-10-15,5.138764987,3.8274761644,0.0,10.55729676,1.375969943,0.06362787,0.01230018,1.0185033974,0.0,0.0,0.2232,0.0,0.010602,0.00020274,0.001302,0.0058387747,0.0002604,9.617e-07,7.162e-07,0.0,8.06e-08,0.0,0.0,22.235346975
2023-10-16,2023-10-16,5.2062169781,3.8280462868,0.0,10.71359256,1.389284813,0.06368088,0.009650796,1.0522374392,0.0,-0.0,0.1674,0.0,0.010602,0.00019809,0.001302,0.0060039565,0.00024645,7.329e-07,9.463e-07,0.0,7.94e-08,0.0,0.0,22.4484640082
2023-10-17,2023-10-17,4.9741017383,3.8267207625,0.0,11.14252716,1.374279142,0.0642891,0.010222188,1.085417326,0.0,-0.0,0.1674,0.0,0.010602,0.00019902,0.001302,0.0062844169,0.00019065,9.586e-07,7.046e-07,0.0,8.96e-08,0.0,0.0,22.6635372565
2023-10-18,2023-10-18,5.4745842369,3.8284220096,0.0,11.17057596,1.3892238986,0.06430584,0.010082316,1.0868448709,0.0,0.0,0.186,0.0,0.018972,0.00019995,0.001302,0.0062065484,0.00024645,9.648e-07,7.084e-07,0.0,8.92e-08,0.0,0.0,23.2369678428
2023-10-19,2023-10-19,5.1411728863,3.8307158656,0.0,10.89582234,1.4198235688,0.06349395,0.009690228,1.0608701989,0.0,0.0,0.1767,0.0,0.013392,0.0001674,0.000651,0.0059737081,0.00024645,7.329e-07,7.158e-07,0.0,9.06e-08,0.0,0.0,22.618721135
2023-10-20,2023-10-20,4.9423551945,3.829660787,0.0,9.62836905,1.4040679383,0.06193155,0.009215928,0.9547593606,0.0,0.0,0.2046,0.0,0.010602,0.0002046,0.001302,0.0056331291,0.0001767,9.586e-07,9.425e-07,0.0,8.8e-08,0.0,0.0,21.0528802266
2023-10-21,2023-10-21,4.9148069688,3.8279087323,0.0,9.60089499,1.3965075816,0.0614991,0.009916032,0.9299684437,0.0,0.0,0.1953,0.0,0.010602,0.00022227,0.001302,0.0054421399,0.00019065,7.329e-07,7.044e-07,0.0,8.8e-08,0.0,0.0,20.9545624336
2023-10-22,2023-10-22,4.6367718882,3.8274748221,0.0,9.46640769,1.3814031529,0.05907738,0.011214684,0.9191085758,0.0,-0.0,0.1674,0.0,0.010602,0.00018228,0.001302,0.0053133434,0.00021855,7.329e-07,7.169e-07,0.0,8.58e-08,0.0,0.0,20.486477902
2023-10-23,2023-10-23,4.9821347203,3.8285478465,0.0,9.6461553,1.4003356316,0.06042216,0.009795132,0.9470351451,0.0,0.0,0.1302,0.0,0.013392,0.00017856,0.000651,0.005536267,0.00033015,7.422e-07,7.083e-07,0.0,8.78e-08,0.0,0.0,21.0247154508
2023-10-24,2023-10-24,5.2323268153,3.8283707906,0.0,9.56713134,1.3980548442,0.06187017,0.011586312,0.9418356194,0.0,0.0,0.1767,0.0,0.010602,0.00017112,0.001302,0.0055040666,0.00021855,7.36e-07,9.309e-07,0.0,8.5e-08,0.0,0.0,21.23567538
2023-10-25,2023-10-25,4.9704165042,3.8289621432,0.0,9.16563267,1.419926698,0.05983626,0.008510244,0.9221168001,0.0,-0.0,0.093,0.0,0.010602,0.00017205,0.001302,0.0052456372,0.00021855,7.205e-07,7.061e-07,0.0,7.1e-08,0.0,0.0,20.4859430543
2023-10-26,2023-10-26,4.9600360297,3.8291408686,0.0,9.24657243,1.458685758,0.0560586,0.008481228,0.9316064061,0.0,0.0,0.1209,0.0,0.016182,0.00016461,0.001302,0.0052915875,0.00024645,7.143e-07,6.934e-07,0.0,7.32e-08,0.0,0.0,20.6346694488
2023-10-27,2023-10-27,4.9918845204,3.8326550589,0.0,9.33647274,1.5203012376,0.05769912,0.008149404,0.9413893123,0.0,0.0,0.1674,0.0,0.099882,0.00014136,0.001302,0.0052515167,0.00024645,7.36e-07,9.349e-07,2.2658e-06,7.08e-08,0.0,0.0,20.9627787274
2023-10-28,2023-10-28,4.9203893755,3.8468831812,0.0,9.12059463,2.1380513975,0.05990322,0.010750428,0.918488293,0.0,-0.0,0.2046,0.0,0.078492,0.00019623,0.003906,0.0050674108,0.00021855,7.298e-07,7.251e-07,0.0,7.02e-08,0.0,0.0,21.3075422411
2023-10-29,2023-10-29,4.6744547101,3.8500483677,0.0,8.95635012,2.2812729816,0.05932569,0.010559964,0.9111183118,0.0,0.0,0.2046,0.0,0.011532,0.00020925,0.003906,0.0049586894,0.00021855,7.143e-07,7.029e-07,0.0,6.64e-08,0.0,0.0,20.9685561182
2023-10-30,2023-10-30,5.3070982033,3.8493515998,0.0,9.15057504,2.2407062715,0.05743128,0.008355864,0.9389093605,0.0,0.00321129,0.1767,0.0,0.017112,0.00018507,0.003906,0.005258111,0.0001767,7.143e-07,7.104e-07,0.0,6.96e-08,0.0,0.0,21.7589782844
2023-10-31,2023-10-31,5.0654762656,3.8486059862,0.0,9.18437031,2.2248871642,0.07435359,0.008474904,0.9418506789,0.0,0.0056451,0.2046,0.0,0.042222,0.00020274,0.003906,0.0052319051,0.0002883,7.329e-07,9.404e-07,0.0,6.66e-08,0.0,0.0,21.6101166839
2023-11-01,2023-11-01,5.3172686428,3.8608243237,124.45,9.18177468,2.6058508458,0.0920762016,0.008891916,0.9509153686,0.0,-0.0,0.2232,0.0,0.03441,0.00014136,0.0,0.0054572668,0.0002604,9.493e-07,7.048e-07,0.0,6.48e-08,0.0,0.0,146.7310727242
2023-11-02,2023-11-02,5.3135386494,3.8552991102,0.0,9.31849677,2.4206945611,0.0940682616,0.010259016,0.9546143572,0.0,0.0,0.1674,0.0,0.02418,0.0001488,0.0,0.0056101611,0.0003162,7.36e-07,9.369e-07,0.0,6.88e-08,0.0,0.0,22.1646276283
2023-11-03,2023-11-03,4.2433293663,3.8506791543,0.0,2.7660246,2.230908853,0.0941547516,0.00893544,0.474464887,0.0,0.005502066,0.1674,0.0,0.02232,0.00012183,0.0,0.0057034274,0.00027435,4.824e-07,7.102e-07,0.0,7.44e-08,0.0,0.0,13.8698199926
2023-11-04,2023-11-04,3.8023480879,3.8491887373,0.0,0.02070738,2.1162232678,0.0943528416,0.010093848,0.2672569457,0.0,-0.0,0.186,0.0,0.01767,0.00013206,0.0,0.0052931325,0.00021855,7.515e-07,7.028e-07,0.0,7.42e-08,0.0,0.0,10.3694863793
2023-11-05,2023-11-05,3.8016897045,3.8584138337,0.0,0.0204786,2.4814385563,0.0943109916,0.01109118,0.2765510485,0.0,0.0,0.1581,0.0,0.01767,0.00012741,0.0,0.0052528158,0.00027435,7.174e-07,9.368e-07,0.0,7.5e-08,0.0,0.0,10.7254002196
2023-11-06,2023-11-06,3.7749879829,3.8583637678,0.0,0.02132118,2.4783289537,0.0909825216,0.008824956,0.2764266922,0.0,0.007297896,0.1209,0.0,0.01767,0.00014508,0.0,0.0055691346,0.00027435,9.555e-07,7.083e-07,0.0,7.38e-08,0.0,0.0,10.6610942524
2023-11-07,2023-11-07,3.7947992253,3.8576581732,0.0,0.02183268,2.4333470719,0.0927932316,0.009123672,0.2757521951,0.0,0.008882244,0.1581,0.0,0.0372,0.00015531,0.0,0.0056614156,0.00027435,7.453e-07,9.369e-07,0.0,7.04e-08,0.0,0.0,10.6955813213
2023-11-08,2023-11-08,3.8324750735,3.8625407633,0.0,0.02274873,2.6274107445,0.0923021916,0.008961108,0.2800701689,0.0,0.009563004,0.2046,0.0,0.02418,0.0001488,0.0,0.0054863675,0.00024645,9.617e-07,7.141e-07,0.0,7.26e-08,0.0,0.0,10.9707351497
2023-11-09,2023-11-09,3.8719526474,3.8601046214,0.0,0.02304726,2.5499751026,0.0926342016,0.008929116,0.2754134151,0.0,0.009909708,0.1953,0.0,0.02139,0.00016554,0.0,0.0054931057,0.00027435,9.617e-07,9.429e-07,0.0,7.16e-08,0.0,0.0,10.914591044
2023-11-10,2023-11-10,5.077068588,3.8600418057,0.0,8.49711426,2.5227592969,0.0743513316,0.2436269489,0.8400574413,0.0,0.011898978,0.1953,0.0,0.0279,0.00013113,0.0,0.0048176253,0.00027435,7.391e-07,9.41e-07,0.0,6.84e-08,0.0,0.0,21.3553435042
2023-11-11,2023-11-11,7.0981419174,3.8541067518,0.0,92.9028522,2.3207708418,0.0670136316,0.3726015533,4.170407384,0.0,0.01050063,0.2139,0.0,0.018228,0.0002046,0.0,0.0045749693,0.0002325,9.555e-07,9.41e-07,0.0,7.36e-08,0.0,0.0,111.0335369493
2023-11-12,2023-11-12,8.1667902501,3.8543451958,0.0,145.27503681,2.2947148052,0.0670889616,0.387028428,6.187616024,0.0,0.000610638,0.186,0.0,0.01674,0.00021576,0.001302,0.0045423945,0.00027435,7.329e-07,7.139e-07,0.0,7.36e-08,0.0,0.0,166.4423071376
2023-11-13,2023-11-13,7.2326224238,3.8547656516,0.0,45.60364182,2.2805661446,0.0646811916,0.311736,5.7595605156,0.0,0.009349662,0.1953,0.0,0.01674,0.00017391,0.001302,0.0047237388,0.0002604,4.793e-07,4.712e-07,0.0,7.24e-08,0.0,0.0,65.3354244809
2023-11-14,2023-11-14,6.7580831837,3.8529215856,0.0,0.03492429,2.2070018248,0.0672479916,0.269449272,5.4868764089,0.0,0.008300436,0.1953,0.0,0.01674,0.00021297,0.001302,0.0047176739,0.0002604,9.524e-07,9.391e-07,0.0,7.26e-08,0.0,0.0,18.9033400006
2023-11-15,2023-11-15,5.0861087017,3.8542438763,0.0,0.02764704,2.2804363259,0.0826069416,0.322130437,2.1928106962,0.0,0.1474099725,0.186,0.0,0.02232,0.00021762,0.001302,0.0053563986,0.0002883,7.36e-07,9.391e-07,0.0,7.36e-08,0.0,0.0,14.2088800585
2023-11-16,2023-11-16,3.8093462683,3.8573520102,0.0,0.02206518,2.4195569561,0.0930806016,0.010899228,0.2773169929,0.0,0.336718557,0.2232,0.0,0.01674,0.00021204,0.001302,0.0054282027,0.00029295,9.586e-07,7.211e-07,0.0,6.94e-08,0.0,0.0,11.0735127359
2023-11-17,2023-11-17,4.3337753196,3.8600953313,0.0,0.02167179,2.4853261621,0.0947406516,0.011145492,0.2750754484,0.0,0.4336610068,0.186,0.0,0.02511,0.00021483,0.001302,0.0053973365,0.00027435,7.391e-07,9.408e-07,0.0,7e-08,0.0,0.0,11.7337914682
2023-11-18,2023-11-18,4.1299114116,3.8621567997,0.0,0.02169876,2.633953515,0.0933707616,0.01155432,0.2767566204,0.0,0.5469728411,0.1953,0.0,0.02046,0.00020739,0.001302,0.005177835,0.0002604,9.586e-07,9.428e-07,0.0,6.84e-08,0.0,0.0,11.7990846242
2023-11-19,2023-11-19,4.1591108491,3.8627797065,0.0,0.021855,2.6553321823,0.0933205416,0.013471236,0.27932217,0.0,0.5529800015,0.2046,0.0,0.01674,0.0002046,0.000651,0.0051764327,0.0002604,9.648e-07,7.161e-07,0.0,7.12e-08,0.0,0.0,11.8658058718
2023-11-20,2023-11-20,3.9615910572,3.8635427655,0.0,0.02237022,2.7055586521,0.0939064416,0.01089774,0.2815516856,0.0,0.4608025464,0.1767,0.0,0.03069,0.00020925,0.001302,0.0053433603,0.00027435,7.329e-07,9.429e-07,0.0,7.24e-08,0.0,0.0,11.6147418169
2023-11-21,2023-11-21,4.2471056813,3.8623046592,0.0,0.0219015,2.6491490118,0.0946234716,0.011589288,0.2781399188,0.0,0.3948490379,0.2046,0.0,0.02976,0.00020832,0.002604,0.0053905232,0.00019065,9.586e-07,9.391e-07,0.0,7.04e-08,0.0,0.0,11.8024180299
2023-11-22,2023-11-22,4.557405107,3.8604746835,0.0,0.0219201,2.5956929219,0.0943444716,0.011500008,0.2761190108,0.0,0.408069083,0.1953,0.0,0.01674,0.00017763,0.002604,0.0053562529,0.00018135,7.391e-07,7.139e-07,1.16067e-05,7.02e-08,0.0,0.0,12.0458977486
2023-11-23,2023-11-23,4.32993126,3.8606369958,0.0,0.02221305,2.5838707337,0.0940738416,0.0118218078,0.2747155743,0.0,0.4200151355,0.1953,0.0,0.05859,0.0001953,0.002604,0.0053337423,0.00024645,9.524e-07,7.105e-07,0.0,6.9e-08,0.0,0.0,11.8595496229
2023-11-24,2023-11-24,4.3708105497,3.8569002928,0.0,0.02206797,2.4238490947,0.0942747216,0.011711304,0.2716356782,0.0,0.4785187603,0.1674,0.0,0.050778,0.00020088,0.003906,0.0053529287,0.00021855,9.648e-07,9.41e-07,0.0,7.14e-08,0.0,0.0,11.7576267072
2023-11-25,2023-11-25,4.1424077246,3.8332549626,0.0,0.01945932,1.4121507334,0.0917832516,0.013186284,0.2386122124,0.0,0.1530669197,0.1488,0.0,0.020088,0.0001953,0.003906,0.0051088676,0.0002604,7.36e-07,9.387e-07,0.0,6.78e-08,0.0,0.0,10.0822817184
2023-11-26,2023-11-26,4.6504341647,3.8327141237,0.0,0.01960533,1.3971173194,0.0926844216,0.013510668,0.2506847892,0.0,0.1476748443,0.1953,0.0,0.018228,0.00022227,0.003906,0.0051723933,0.0002883,9.586e-07,7.161e-07,0.0,7.18e-08,0.0,0.0,10.6275443707
2023-11-27,2023-11-27,4.4047756205,3.833651882,0.0,0.02023866,1.4225114509,0.0945230316,0.012245868,0.2552282092,0.0,0.1541326727,0.1767,0.0,0.021018,0.00019251,0.003906,0.0053784929,0.000279,7.267e-07,9.444e-07,0.0,7.24e-08,0.0,0.0,10.4047831413
2023-11-28,2023-11-28,4.5967471413,3.834278282,0.0,2.61808671,1.4452121204,0.1121205955,0.0971267204,0.4516226011,0.0,0.1621325597,0.1953,0.0,0.037758,0.00020646,0.003906,0.0045552378,0.0002604,9.586e-07,7.086e-07,0.0,7.38e-08,0.0,0.0,13.5593145692
2023-11-29,2023-11-29,4.6776330969,3.8339231363,0.0,0.0206367,1.4342084944,0.1282907124,0.020813772,0.2466707232,0.0,0.1588905988,0.186,0.0,0.022692,0.00018972,0.003906,0.0062254263,0.00027435,9.555e-07,9.41e-07,0.0,7.24e-08,0.0,0.0,10.7403566992
2023-11-30,2023-11-30,4.4217469547,3.8339928163,0.0,0.0204228,1.4293627079,0.1253807424,0.018232464,0.2355074921,0.0,0.1555420514,0.1581,0.0,0.064356,0.0001953,0.003906,0.0052587743,0.0002046,7.36e-07,7.01e-07,0.0,6.54e-08,0.0,0.0,10.4722102055
2023-12-01,2023-12-01,4.446754721,3.8340807514,64.81,0.02060601,1.4347856645,0.12178647,0.0183336745,0.243336059,0.0,0.0846839483,0.1953,0.0,0.03999,0.00015624,0.0,0.005558323,0.00028365,9.524e-07,7.143e-07,0.0,7.08e-08,0.0,0.0,75.2556572492
2023-12-02,2023-12-02,4.1213012147,3.8333292544,0.0,0.02045628,1.430278369,0.1197693,0.018702672,0.2413362436,0.0,0.1523817443,0.1674,0.0,0.02325,0.00014508,0.0,0.0052943674,0.00027435,7.298e-07,9.41e-07,0.0,7e-08,0.0,0.0,10.1339206162
2023-12-03,2023-12-03,4.6233101058,3.8322184136,0.0,0.02025075,1.4028799743,0.12095505,0.019882284,0.2397100749,0.0,0.1511864541,0.1116,0.0,0.02325,0.00016461,0.0,0.0051967544,0.00021855,9.524e-07,7.161e-07,0.0,6.84e-08,0.0,0.0,10.550824758
2023-12-04,2023-12-04,4.1316838042,3.8328249409,0.0,0.02108496,1.4158967603,0.12302802,0.018546432,0.244507609,0.0,0.1546778881,0.1395,0.0,0.07347,0.00015531,0.0,0.0053843307,0.00027435,7.298e-07,9.41e-07,0.0,7.06e-08,0.0,0.0,10.1610361466
2023-12-05,2023-12-05,4.3853025945,3.8339130718,0.0,0.02122911,1.4320033977,0.12331818,0.018427392,0.2552992246,0.0,0.1219780478,0.1767,0.0,0.1209,0.00012276,0.0,0.0054701339,0.00017205,9.555e-07,4.712e-07,0.0,7.66e-08,0.0,0.0,10.4948374656
2023-12-06,2023-12-06,5.860437622,3.8339201941,0.0,7.39189203,1.4285073556,0.11425905,0.2444490963,0.8034751407,0.0,0.1098273083,0.1023,0.0,0.03906,0.00012741,0.0,0.001397598,0.00025575,9.586e-07,9.391e-07,0.0,7.56e-08,0.0,0.0,19.9299105283
2023-12-07,2023-12-07,5.1594698491,3.8329526359,0.0,4.78239294,1.415052416,0.13552443,0.160441027,0.6022723312,0.0,0.120096042,0.2046,0.0,0.02325,0.00016461,0.0,5.19891e-05,0.00022785,7.36e-07,7.085e-07,0.0,7.56e-08,0.0,0.0,16.4364976404
2023-12-08,2023-12-08,4.3936465364,3.8352233356,0.0,0.02133699,1.4529366727,0.09592875,0.002460036,0.252932168,0.0,0.1571709185,0.1767,0.0,0.022506,0.00014229,0.0,3.97487e-05,0.0002604,9.617e-07,9.429e-07,0.0,7.82e-08,0.0,0.0,10.4112858287
2023-12-09,2023-12-09,4.1498805857,3.8346106823,0.0,0.02144952,1.455509663,0.09417384,0.004697244,0.2596226868,0.0,0.1693380994,0.1767,0.0,0.019716,0.00016647,0.0,5.0954e-05,0.00024645,7.267e-07,7.143e-07,0.0,8.18e-08,0.0,0.0,10.186163718
2023-12-10,2023-12-10,4.6538128669,3.8349594451,0.0,0.02146812,1.4337401846,0.09508059,0.004751184,0.2591377941,0.0,0.1559386336,0.1581,0.0,0.019716,0.00015345,0.0,3.9743e-05,0.00024645,9.586e-07,9.429e-07,0.0,8.14e-08,0.0,0.0,10.6371464442
2023-12-11,2023-12-11,4.0978605788,3.8361037156,0.0,0.02228001,1.474402035,0.0955521,0.002232744,0.2511638814,0.0,0.1332173982,0.1488,0.0,0.019716,0.0001767,0.0,3.22577e-05,0.00013485,7.329e-07,9.389e-07,0.0,7.72e-08,0.0,0.0,10.0816740197
2023-12-12,2023-12-12,3.6274899121,3.8379437031,0.0,0.00545631,1.5187164319,0.15504327,0.1266960183,0.0643314973,0.0,0.1354035164,0.1674,0.0,0.025296,0.00018879,0.001302,6.79462e-05,0.0002604,9.648e-07,7.16e-07,0.0,8.24e-08,0.0,0.0,9.6655975585
2023-12-13,2023-12-13,4.2202937033,3.8394817965,0.0,0.0,1.5608634254,0.2403877,0.1775920817,0.0138069277,0.0,0.1449456133,0.2139,0.0,0.039246,0.00020646,0.001302,4.17668e-05,0.00027435,7.298e-07,4.712e-07,0.0,7.48e-08,0.0,0.0,10.4523431005
2023-12-14,2023-12-14,3.8545740679,3.8378411786,0.0,0.0,1.4911199174,0.25399254,0.1756729234,0.0123044196,0.0,0.1310912907,0.1953,0.0,0.022692,0.00020367,0.001302,4.81734e-05,0.00027435,9.586e-07,9.391e-07,0.0,7.18e-08,0.0,0.0,9.9764185005
2023-12-15,2023-12-15,2.4510591438,3.8362493381,0.0,0.02604,1.4617540473,0.54829011,0.234675456,0.3128062343,0.0,0.118745609,0.1767,0.0,0.045012,0.00016647,0.000651,0.0364987951,0.0002046,7.329e-07,7.141e-07,0.0,7.2e-08,0.0,0.0,9.2488543226
2023-12-16,2023-12-16,2.6780963697,3.8356694785,0.0,0.0276396,1.4515061106,1.10856396,0.612028164,0.5574764175,0.0,0.1114819011,0.1767,0.0,0.022692,0.00017112,0.001302,0.0070760857,0.0002325,9.524e-07,9.372e-07,0.0,7.44e-08,0.0,0.0,10.5906376711
2023-12-17,2023-12-17,2.2591189177,3.8348673641,0.0,0.02063019,1.4211785912,0.15299175,0.042469752,0.2555511568,0.0,0.022840875,0.1488,0.0,0.022692,0.00017763,0.002604,0.0052257205,0.0002604,7.236e-07,7.085e-07,0.0,7.68e-08,0.0,0.0,8.1894098562
2023-12-18,2023-12-18,3.4226389221,3.8374777577,0.0,7.05806202,1.4658860614,0.15477177,0.277297356,0.7782919446,0.0,0.113832359,0.1581,0.0,0.025482,0.00016833,0.002604,0.0056055372,0.0001209,9.493e-07,9.391e-07,0.0,7.94e-08,0.0,0.0,17.3003409258
2023-12-19,2023-12-19,3.6727060545,3.8383404678,0.0,10.02841134,1.488673729,0.15496149,0.380956272,1.0077757709,0.0,0.1255399405,0.1674,0.0,0.028272,0.00014787,0.002604,0.0056193707,0.0002325,7.236e-07,7.122e-07,0.0,8e-08,0.0,0.0,20.9016423212
2023-12-20,2023-12-20,4.1376151052,3.8385606063,0.0,2.13424305,1.4776912114,0.16837023,0.1937169977,0.2213298359,0.0,0.1210376352,0.1674,0.0,0.084072,0.00019902,0.003906,0.0013355711,0.00021855,7.236e-07,9.353e-07,0.0,7.46e-08,0.0,0.0,12.5496975463
2023-12-21,2023-12-21,3.9627185835,3.8377716533,0.0,0.0,1.4769959837,0.37867206,0.1973379932,0.0120000802,0.0,0.1250103552,0.1488,0.0,0.10323,0.00018042,0.003906,0.0001194174,0.0002325,9.524e-07,7.086e-07,0.0,7.64e-08,0.0,0.0,10.2469767839
2023-12-22,2023-12-22,4.0149153268,3.8395588918,0.0,0.0,1.5068440358,0.87206961,0.4827722243,0.0120222115,0.0,0.1258700078,0.1581,0.0,0.131316,0.00019623,0.003906,0.0001440107,0.0002325,9.524e-07,9.372e-07,0.0,7.62e-08,0.0,0.0,11.1479490145
2023-12-23,2023-12-23,4.0046811404,3.8387190984,0.0,0.0,1.4862031146,0.94765629,0.598546884,0.0114726583,0.0,0.1061853508,0.1674,0.0,0.0465,0.0001953,0.003906,4.20866e-05,0.00021855,7.267e-07,7.086e-07,0.0,7.7e-08,0.0,0.0,11.2117279854
2023-12-24,2023-12-24,3.9877394423,3.8375479717,0.0,0.0,1.4683260674,0.93862506,0.593917344,0.0111700548,0.0,0.0905780841,0.1674,0.0,0.022692,0.00018507,0.003906,4.16087e-05,0.0002325,9.524e-07,9.334e-07,0.0,7.56e-08,0.0,0.0,11.1223631644
2023-12-25,2023-12-25,4.0042480884,3.8387596857,0.0,0.0,1.4853441447,0.94377819,0.595781436,0.0112018519,0.0,0.1113855245,0.1674,0.0,0.022692,0.00018321,0.003906,4.06786e-05,0.00019065,7.236e-07,7.122e-07,0.0,7.82e-08,0.0,0.0,11.1849129738
2023-12-26,2023-12-26,4.0295591737,3.8389784987,0.0,0.0,1.4951507602,0.9509178,0.545228868,0.0113396178,0.0,0.1148178447,0.1674,0.0,0.025482,0.00020367,0.003906,4.53539e-05,0.00016275,9.524e-07,9.371e-07,0.0,7.94e-08,0.0,0.0,11.1831943059
2023-12-27,2023-12-27,4.0613685986,3.8400864834,0.0,0.0,1.525313179,0.96515796,0.550599432,0.0116548349,0.0,0.1215798323,0.0744,0.0,0.028272,0.00018507,0.003906,4.16087e-05,0.0002325,7.267e-07,7.103e-07,0.0,8.02e-08,0.0,0.0,11.1827990161
2023-12-28,2023-12-28,4.100883381,3.8365107515,0.0,0.0,1.4784110162,0.96159792,0.543578304,0.0109606727,0.0,0.1062061137,0.1674,0.0,0.033852,0.00016554,0.001953,4.48826e-05,0.0002139,7.236e-07,9.334e-07,0.0,8.06e-08,0.0,0.0,11.2417792193
2023-12-29,2023-12-29,3.7440591743,3.8367644559,0.0,0.0,1.4837177243,0.95528973,0.533327844,0.0109994565,0.0,0.1006930437,0.1674,0.0,0.041106,0.00018135,0.003906,4.39401e-05,0.00024645,7.081e-07,9.353e-07,0.0,7.72e-08,0.0,0.0,10.8777368894
2023-12-30,2023-12-30,4.0223719103,3.8369255459,0.0,0.0,1.4894259499,0.93814518,0.537121872,0.0109939538,0.0,0.001549194,0.1581,0.0,0.028644,0.00013485,0.003906,3.74102e-05,0.00024645,7.174e-07,7.103e-07,0.0,7.74e-08,0.0,0.0,11.0276038212
2023-12-31,2023-12-31,4.2928817764,3.8366027975,0.0,0.0,1.4704619588,0.92831322,0.575892456,0.0107899394,0.0,0.002027028,0.1488,0.0,0.022692,0.00017949,0.003906,4.39457e-05,0.00021855,9.462e-07,7.085e-07,0.0,7.56e-08,0.0,0.0,11.2928108921
2024-01-01,2024-01-01,6.2685277795,3.8372767527,83.91,0.0,1.4921040322,0.927984,0.541589592,0.0111743355,0.0,0.0676549635,0.1767,0.0,0.02976,0.00012741,0.0,3.73918e-05,0.0002046,7.205e-07,9.389e-07,0.0,7.58e-08,0.0,0.0,97.2631425924
2024-01-02,2024-01-02,5.907685869,3.8370472372,0.0,0.0,1.5013425239,0.95848986,0.541784148,0.0113021911,0.0,0.1051293924,0.1581,0.0,0.02697,0.00014415,0.0,4.16141e-05,0.0001767,9.493e-07,7.086e-07,1.6769e-06,7.68e-08,0.0,0.0,13.0482170973
2024-01-03,2024-01-03,6.5923108272,3.8374492661,0.0,0.0,1.5254321415,0.97375116,0.547229112,0.0117529794,0.0,0.1031821387,0.1581,0.0,0.02697,0.00013392,0.0,3.97541e-05,0.00024645,7.236e-07,9.353e-07,0.0,7.98e-08,0.0,0.0,13.7765994877
2024-01-04,2024-01-04,6.3121731849,3.8365869515,0.0,0.0,1.4992251775,1.00266951,0.563318112,0.011267634,0.0,0.0980074834,0.3255,0.0,0.02697,0.00015903,0.0,7.62331e-05,0.0004278,9.958e-07,9.658e-07,0.0,7.6e-08,0.0,0.0,13.676383154
2024-01-05,2024-01-05,6.3336826765,3.8372651216,0.0,0.0,1.5338517697,1.01237871,0.57872784,0.0120265313,0.0,0.1160021346,0.3627,0.0,0.02976,0.00021018,0.0,8.60294e-05,0.0004836,1.0175e-06,7.444e-07,0.0,7.96e-08,0.0,0.0,13.8171764346
2024-01-06,2024-01-06,6.2807040542,3.8367723701,0.0,0.0,1.5184163876,0.97903821,0.58917174,0.0117480657,0.0,0.003566922,0.3813,0.0,0.02697,0.00020274,0.0,8.60363e-05,0.0002604,7.515e-07,9.764e-07,0.0,7.8e-08,0.0,0.0,13.6282387318
2024-01-07,2024-01-07,6.2490936836,3.8373212784,0.0,0.0,1.5173164783,0.96702726,0.603861648,0.0115627778,0.0,0.00334335,0.372,0.0,0.022692,0.00021669,0.0,5.0035e-05,0.00052545,7.67e-07,9.728e-07,0.0,7.62e-08,0.0,0.0,13.5850124671
2024-01-08,2024-01-08,6.3120550506,3.8412530339,0.0,0.0,1.6283219235,1.00845876,0.5668815,0.0136127993,0.0,0.1336015579,0.3534,0.0,0.022692,0.00018879,0.0,8.50883e-05,0.0004836,1.0082e-06,9.694e-07,0.0,7.72e-08,0.0,0.0,13.8810361583
2024-01-09,2024-01-09,5.977326894,3.8529057913,0.0,0.0,2.1317344896,1.01759043,0.574307736,0.0243295336,0.0,0.2886049923,0.3627,0.0,0.031062,0.00021669,0.0,8.695e-05,0.00049755,1.0113e-06,9.711e-07,0.0,7.86e-08,0.0,0.0,14.2613651178
2024-01-10,2024-01-10,6.6513693421,3.8665391709,0.0,0.0,2.6868690745,1.01775225,0.5756886,0.0359281707,0.0,0.3965203366,0.2046,0.0,0.026412,0.0002697,0.0,8.36751e-05,0.00046965,1.0082e-06,7.412e-07,0.0,7.36e-08,0.0,0.0,15.4625037929
2024-01-11,2024-01-11,6.3607118709,3.8673720823,0.0,0.0,2.7306105217,1.00823556,0.564758124,0.0367752414,0.0,0.3742856303,0.186,0.0,0.025482,0.00029853,0.0,4.20809e-05,0.0004836,5.01e-07,7.133e-07,0.0,7.54e-08,0.0,0.0,15.1550565312
2024-01-12,2024-01-12,6.4030222533,3.8665502333,0.0,0.0,2.7248501292,1.00141122,0.561887028,0.0368150051,0.0,0.3869919051,0.3348,0.0,0.03534,0.00030318,0.001302,8.60015e-05,0.00046965,7.329e-07,9.677e-07,0.0,7.4e-08,0.0,0.0,15.3538303801
2024-01-13,2024-01-13,6.2962369258,3.8656968656,0.0,0.0,2.7421792563,0.96881844,0.601654944,0.0373115153,0.0,0.1206102759,0.3441,0.0,0.025482,0.00029016,0.001302,8.18264e-05,0.0004836,7.856e-07,9.694e-07,0.0,7.48e-08,0.0,0.0,15.0042496391
2024-01-14,2024-01-14,6.3140309184,3.8658937428,0.0,0.0,2.709148476,0.96619026,0.601676148,0.0364261912,0.0,0.014978394,0.3534,0.0,0.022692,0.00030411,0.001302,8.60183e-05,0.0004557,1.002e-06,9.677e-07,0.0,7.5e-08,0.0,0.0,14.8865860034
2024-01-15,2024-01-15,6.439178364,3.8748089261,0.0,0.0,2.9932012431,1.00237377,0.578601732,0.0424471335,0.0,0.4437437275,0.3627,0.0,0.022692,0.00032085,0.002604,8.88338e-05,0.00049755,1.0144e-06,9.728e-07,0.0,7.74e-08,0.0,0.0,15.7632601946
2024-01-16,2024-01-16,6.5342325168,3.8774641564,0.0,0.0,3.1577151002,1.01601129,0.572092104,0.0459608942,0.0,0.485481624,0.372,0.0,0.022692,0.00025761,0.002604,8.18081e-05,0.00046965,7.763e-07,7.393e-07,0.0,7.44e-08,0.0,0.0,16.0870643437
2024-01-17,2024-01-17,6.2434457204,3.8741453469,0.0,0.0,3.0492965154,1.08792633,0.606063144,0.0438678449,0.0,0.4690387423,0.1302,0.0,0.025482,0.00013113,0.003906,5.2367e-05,0.00024645,9.617e-07,9.408e-07,0.0,7.12e-08,0.0,0.0,15.5338035646
2024-01-18,2024-01-18,6.9530633204,3.8772309597,0.0,0.0,3.0947159486,1.23812598,0.67253136,0.044647508,0.0,0.4434671266,0.1581,0.0,0.02697,0.00018135,0.001953,4.30166e-05,0.0002046,9.493e-07,7.067e-07,0.0,7.02e-08,0.0,0.0,16.5112358961
2024-01-19,2024-01-19,6.2986580723,3.8806632891,0.0,0.0,3.1898252419,1.06390722,0.593223936,0.0465977142,0.0,0.4663496037,0.1674,0.0,0.02418,0.00018321,0.003906,4.11533e-05,0.0002046,4.824e-07,6.972e-07,0.0,7.14e-08,0.0,0.0,15.7351412915
2024-01-20,2024-01-20,6.9031455554,3.8816990983,0.0,0.0,3.2403172295,1.03504188,0.599199744,0.0475853594,0.0,0.1434016067,0.2604,0.0,0.022692,0.00025575,0.003906,6.40552e-05,0.0003441,9.803e-07,7.247e-07,0.0,7.38e-08,0.0,0.0,16.1380541573
2024-01-21,2024-01-21,6.2785086907,3.8820818925,0.0,0.0,3.2129223015,1.03311399,0.639912168,0.0470093692,0.0,0.022573146,0.3627,0.0,0.022692,0.00030132,0.003906,8.83608e-05,0.0004836,1.0082e-06,9.694e-07,0.0,7.26e-08,0.0,0.0,15.5062948889
2024-01-22,2024-01-22,6.9554869795,3.8696369656,0.0,0.0,2.865024833,1.02727173,0.610402896,0.0392484664,0.0,0.4117249103,0.2232,0.0,0.022692,0.00016554,0.001953,5.7041e-05,0.00030225,2.784e-07,4.833e-07,0.0,7.18e-08,0.0,0.0,16.0271674453
2024-01-23,2024-01-23,6.3750509304,3.8787442782,0.0,0.0,2.9551096692,1.0548453,0.594983496,0.0414541165,0.0,0.4247890335,0.2883,0.0,0.045012,0.00027249,0.003906,7.57424e-05,0.00044175,9.989e-07,9.635e-07,0.0,8.1e-08,0.0,0.0,15.6629868496
2024-01-24,2024-01-24,7.1130061688,3.8703400999,0.0,0.0,2.8211235617,1.08686334,0.615661488,0.0388505529,0.0,0.4102360738,0.3162,0.0,0.022692,0.00028458,0.003906,8.50932e-05,0.00046965,7.825e-07,4.878e-07,0.0,8.62e-08,0.0,0.0,16.2997199648
2024-01-25,2024-01-25,6.7470494628,3.8685468741,0.0,0.0,2.7110693619,1.07883651,0.616678536,0.036715521,0.0,0.4267395009,0.3255,0.0,0.028272,0.0001581,0.003906,8.83608e-05,0.00049755,1.0082e-06,7.205e-07,0.0,8.02e-08,0.0,0.0,15.8440595864
2024-01-26,2024-01-26,6.7614773479,3.8641982237,0.0,0.0,2.5250892373,1.06646844,0.662964264,0.0326640188,0.0,0.389236968,0.3069,0.0,0.025482,0.00026877,0.003906,8.18256e-05,0.0004557,1.0082e-06,9.605e-07,0.0,8.03e-08,0.0,0.0,15.6391948443
2024-01-27,2024-01-27,6.7573369945,3.8760424387,0.0,0.0,2.9004802406,1.04262789,0.638898468,0.0405624489,0.0,0.014141022,0.2976,0.0,0.022692,0.00024552,0.003906,8.36856e-05,0.0004557,1.0082e-06,9.677e-07,0.0,8.08e-08,0.0,0.0,15.595074465
2024-01-28,2024-01-28,6.8050945174,3.8734704459,0.0,0.0,2.9732166501,1.03120563,0.641035608,0.0419685233,0.0,0.01470144,0.3162,0.0,0.022692,0.00029667,0.003906,4.67605e-05,0.0004557,7.794e-07,9.694e-07,0.0,8.24e-08,0.0,0.0,15.7242917764
2024-01-29,2024-01-29,6.952287404,3.8668350622,0.0,0.0,2.5882827381,1.08482664,0.622835508,0.0338509286,0.0,0.3703111035,0.1953,0.0,0.022692,0.00027621,0.003906,4.16077e-05,0.0004278,9.989e-07,7.364e-07,0.0,7.98e-08,0.0,0.0,15.7418748172
2024-01-30,2024-01-30,7.0279134151,3.8456351474,0.0,0.0,1.814686677,1.09619868,0.630670944,0.0179113495,0.0,0.1982171304,0.0093,0.0,0.022692,0.00022227,0.003906,5.74868e-05,0.0003162,9.741e-07,9.459e-07,0.0,8.58e-08,0.0,0.0,14.667729306
2024-01-31,2024-01-31,7.1309841305,3.845901206,0.0,0.0,1.8540268265,1.10416134,0.633394728,0.0188474436,0.0,0.2102850101,0.0093,0.0,0.025482,0.00030969,0.003906,9.11634e-05,0.0005115,7.701e-07,9.728e-07,0.0,8.62e-08,0.0,0.0,14.8372028672
2024-02-01,2024-02-01,7.5564378942,3.8497341186,78.96,0.0,1.9621872811,1.0368114624,0.590742696,0.0209366912,0.0,0.1679838205,0.0093,0.0,0.02883,0.00017856,0.001302,7.20035e-05,0.0003162,9.865e-07,7.302e-07,0.0,5.18e-08,0.0,0.0,94.184834496
2024-02-02,2024-02-02,7.5301294653,3.8475003937,0.0,0.0,1.8423974801,1.0295658324,0.589429908,0.0183242585,0.0,0.2472173789,0.0093,0.0,0.03255,0.00018414,0.001302,8.13543e-05,0.0004836,1.0051e-06,9.677e-07,0.0,4.26e-08,0.0,0.0,15.1484678266
2024-02-03,2024-02-03,7.4800068211,3.8418691286,0.0,0.0,1.6297257988,0.9863403624,0.574905168,0.0139234335,0.0,0.2078796138,0.0093,0.0,0.03069,0.00019716,0.001302,8.13543e-05,0.00046965,1.0051e-06,9.66e-07,0.0,4.26e-08,0.0,0.0,14.7766925042
2024-02-04,2024-02-04,7.4790529375,3.8402748438,0.0,0.0,1.5775630632,0.9762433524,0.598883916,0.0126305138,0.0,0.1497389812,0.0093,0.0,0.02697,0.0001953,0.001302,8.4164e-05,0.0003999,1.0051e-06,9.66e-07,0.0,3.9e-08,0.0,0.0,14.672640982
2024-02-05,2024-02-05,7.5962658947,3.8427315626,0.0,0.0,1.6468167007,1.0036076724,0.573714024,0.013953836,0.0,0.1631809981,0.0093,0.0,0.02697,0.00013764,0.001302,4.16087e-05,0.00021855,7.298e-07,7.12e-07,0.0,3.84e-08,0.0,0.0,14.8782419674
2024-02-06,2024-02-06,7.7195401403,3.8427549789,0.0,0.0,1.6473667305,1.0089784224,0.581919972,0.013971799,0.0,0.1632743122,0.0093,0.0,0.02697,0.00015252,0.001302,5.56345e-05,0.00033015,9.772e-07,9.501e-07,0.0,3.96e-08,0.0,0.0,15.0159186267
2024-02-07,2024-02-07,7.810996457,3.842761809,0.0,0.0,1.6590147733,1.0154010024,0.580453176,0.0144866722,0.0,0.1764349056,0.0093,0.0,0.028272,0.00020181,0.001302,8.83616e-05,0.0004836,7.825e-07,7.427e-07,0.0,3.98e-08,0.0,0.0,15.1391981321
2024-02-08,2024-02-08,7.5194978396,3.8434127265,0.0,0.0,1.6714153367,1.0195525224,0.584604324,0.0145991289,0.0,0.1942992087,0.0093,0.0,0.025482,0.0002883,0.001302,8.69666e-05,0.00048825,1.0113e-06,9.694e-07,0.0,3.96e-08,0.0,0.0,14.8843306237
2024-02-09,2024-02-09,8.1965015232,3.844319653,0.0,0.0,1.6473913073,1.0042549524,0.57798942,0.0137954967,0.0,0.2074106432,0.0093,0.0,0.022692,0.00029853,0.001302,8.6489e-05,0.00049755,1.0051e-06,9.694e-07,0.0,3.88e-08,0.0,0.0,15.5258415781
2024-02-10,2024-02-10,7.7374426149,3.8418935251,0.0,0.0,1.5551487168,0.9540628524,0.584400468,0.0119148853,0.0,0.1774155758,0.0093,0.0,0.022692,0.0001581,0.001302,3.60035e-05,0.0001767,7.174e-07,9.315e-07,0.0,3.72e-08,0.0,0.0,14.8959451279
2024-02-11,2024-02-11,7.7650984904,3.8410389003,0.0,0.0,1.5214151697,0.9602259624,0.588493956,0.0111623223,0.0,0.1663750904,0.0093,0.0,0.022692,0.00024738,0.002604,6.54667e-05,0.0003441,9.803e-07,7.245e-07,0.0,4.06e-08,0.0,0.0,14.8890645836
2024-02-12,2024-02-12,7.8480740841,3.8418690074,0.0,0.0,1.5422064142,0.9898641324,0.5724429,0.0115098701,0.0,0.1715957311,0.0093,0.0,0.022692,0.00030411,0.002604,8.74316e-05,0.00049755,1.0144e-06,9.711e-07,0.0,3.72e-08,0.0,0.0,15.0130492536
2024-02-13,2024-02-13,7.8752964595,3.8434211738,0.0,0.0,1.75303275,0.9927434124,0.590331264,0.0163368588,0.0,0.2474160884,0.0186,0.0,0.022692,0.0002697,0.003906,7.90112e-05,0.0004557,7.858e-07,7.41e-07,0.0,3.6e-08,0.0,0.0,15.3645819809
2024-02-14,2024-02-14,7.6338206489,3.8460748554,0.0,0.0,1.7858925493,0.9886951224,0.568355364,0.0168519655,0.0,0.2554298349,0.0,0.0,0.025482,0.00020274,0.003906,5.70422e-05,0.0003162,9.71e-07,9.461e-07,0.0,3.7e-08,0.0,0.0,15.1250862767
2024-02-15,2024-02-15,8.2148038091,3.8405404892,0.0,0.0,1.5379889094,1.0124101224,0.578434332,0.0116380749,0.0,0.1734432412,0.0093,0.0,0.02418,0.00021297,0.003906,5.47046e-05,0.0002883,7.391e-07,9.461e-07,0.0,4.4e-08,0.0,0.0,15.407202682
2024-02-16,2024-02-16,7.9289397685,3.8393559763,0.0,0.0,1.5417940415,1.0388955924,0.601180644,0.0120360078,0.0,0.1797442927,0.0093,0.0,0.123132,0.00026505,0.003906,7.4801e-05,0.0004464,9.927e-07,9.609e-07,0.0,4.6e-08,0.0,0.0,15.2790725738
2024-02-17,2024-02-17,7.8507994897,3.8375725926,0.0,0.0,1.5094660285,0.9953994924,0.581358996,0.0114700248,0.0,0.1710906569,0.0093,0.0,0.022692,0.00026412,0.003906,7.19984e-05,0.0004278,9.927e-07,7.235e-07,0.0,3.82e-08,0.0,0.0,14.9938209537
2024-02-18,2024-02-18,7.8641967519,3.8379633687,0.0,0.0,1.5095313147,0.9966522024,0.6115587,0.0114615505,0.0,0.1710059024,0.0093,0.0,0.022692,0.00024738,0.003906,7.48136e-05,0.00041385,7.701e-07,9.632e-07,0.0,4.28e-08,0.0,0.0,15.0390056103
2024-02-19,2024-02-19,7.6849417645,3.8396498719,0.0,0.0,1.5363989779,1.0286116524,0.603022044,0.0117819802,0.0,0.1760028776,0.0093,0.0,0.022692,0.00025761,0.003906,6.96607e-05,0.000372,9.679e-07,9.554e-07,0.0,4.22e-08,0.0,0.0,14.9170084047
2024-02-20,2024-02-20,8.2545897987,3.8379945447,0.0,0.0,1.5213911965,1.0476087624,0.59852382,0.0117097839,0.0,0.1748506596,0.0093,0.0,0.022692,0.00025203,0.003906,7.10684e-05,0.0003999,9.958e-07,7.325e-07,0.0,3.92e-08,0.0,0.0,15.4832913317
2024-02-21,2024-02-21,8.0188304672,3.8383221794,0.0,0.0,1.5157164442,1.0559341224,0.641262528,0.0114442489,0.0,0.1706767653,0.0093,0.0,0.025482,0.00025296,0.003906,7.90112e-05,0.0003999,7.67e-07,9.641e-07,0.0,4.2e-08,0.0,0.0,15.2916083997
2024-02-22,2024-02-22,7.9004399639,3.8394416746,0.0,0.0,1.5348649838,0.9819572724,0.59307402,0.0116822415,0.0,0.1746033509,0.0093,0.0,0.02418,0.00026319,0.005859,7.24757e-05,0.00035805,9.896e-07,9.51e-07,0.0,4.36e-08,0.0,0.0,15.076098207
2024-02-23,2024-02-23,7.8688750596,3.8408463429,0.0,0.0,1.5447830237,0.9541939824,0.576393912,0.0117534063,0.0,0.1757411385,0.0093,0.0,0.025482,0.00026691,0.003906,7.90104e-05,0.0004278,9.958e-07,7.374e-07,0.0,4.38e-08,0.0,0.0,15.0120503628
2024-02-24,2024-02-24,7.5423173721,3.8398839469,0.0,0.0,1.544587618,0.9262047024,0.565850316,0.0119849309,0.0,0.1792054609,0.0093,0.0,0.033108,0.00026598,0.003906,7.62077e-05,0.00044175,7.67e-07,9.63e-07,0.0,4.32e-08,0.0,0.0,14.6571340581
2024-02-25,2024-02-25,8.0473603794,3.8397827293,0.0,0.0,1.538268298,0.9160100424,0.560837988,0.0118503643,0.0,0.1772372903,0.0093,0.0,0.022692,0.00023901,0.003906,5.23663e-05,0.000372,9.803e-07,9.573e-07,0.0,4.2e-08,0.0,0.0,15.1279104476
2024-02-26,2024-02-26,7.9081861217,3.8417436173,0.0,0.0,1.5749948977,0.9597153924,0.577753572,0.0129324879,0.0,0.1951585321,0.0093,0.0,0.184512,0.0233184578,0.003906,8.29034e-05,0.00040455,9.927e-07,7.251e-07,0.0,4.36e-08,0.0,0.0,15.2920102937
2024-02-27,2024-02-27,7.6813327887,3.8410954528,0.0,0.0,1.5664655033,0.9605551824,0.6098683729,0.0123209648,0.0,0.1836111293,0.0093,0.0,0.11997,0.0175536144,0.003906,0.000167568,0.00030225,7.546e-07,9.552e-07,0.0,3.86e-08,0.0,0.0,15.006450575
2024-02-28,2024-02-28,7.9334672696,3.8407806712,0.0,0.0,1.5772280389,0.9561218724,0.629926944,0.0125750585,0.0,0.1878249177,0.0093,0.0,0.055986,0.0159223944,0.003906,7.10676e-05,0.00038595,9.772e-07,9.59e-07,0.0,3.92e-08,0.0,0.0,15.2234981597
2024-02-29,2024-02-29,8.3617292228,3.8418666507,0.0,0.0,1.5876950536,1.4247609624,0.8533415449,0.0126731477,0.0,0.1891045265,0.0093,0.0,0.077748,0.0151086444,0.003906,7.50108e-05,0.00038595,9.865e-07,9.59e-07,0.0,3.86e-08,0.0,0.0,16.3776966979
2024-03-01,2024-03-01,7.9577326608,3.8419713434,73.87,0.0,1.59891459,1.09358724,0.719650368,0.0130062473,0.0,0.1464409761,0.0093,0.06743895,0.03813,0.0202842672,0.0,6.96662e-05,0.000372,9.958e-07,7.323e-07,0.0,4e-08,0.0,0.0,89.3769000771
2024-03-02,2024-03-02,7.7576641483,3.8410911864,0.0,0.0,1.5796636735,1.02626175,0.676982712,0.0129050151,0.0,0.1921683628,0.0093,0.0706335,0.03255,0.0194783664,0.0,6.63985e-05,0.00038595,7.608e-07,9.524e-07,0.0,3.84e-08,0.0,0.0,15.2191528146
2024-03-03,2024-03-03,7.7555440416,3.840619942,0.0,0.0,1.5739920865,1.01775783,0.674093016,0.0126472224,0.0,0.1891408641,0.0093,0.0734607,0.03255,0.0176027052,0.0,7.10736e-05,0.0003999,9.958e-07,9.571e-07,0.0,4.08e-08,0.0,0.0,15.1971813751
2024-03-04,2024-03-04,7.8596107373,3.8437096504,0.0,0.0,1.6240290319,1.06100841,0.702437184,0.0134998779,0.0,0.2018451169,0.0093,0.0758229,0.03255,0.0165741252,0.001302,7.19984e-05,0.0003999,9.865e-07,7.34e-07,0.0,4.14e-08,0.0,0.0,15.4421626939
2024-03-05,2024-03-05,7.6605279089,3.843727268,0.0,0.0,1.6148603487,1.0682373,0.707129592,0.0132388614,0.0,0.1984816996,0.0093,0.07762245,0.03255,0.0151903224,0.001302,6.78048e-05,0.000372,7.546e-07,9.537e-07,0.0,3.84e-08,0.0,0.0,15.2426093025
2024-03-06,2024-03-06,8.2066794596,3.8424474053,0.0,0.0,1.6014898424,1.0737336,0.710780028,0.0131486363,0.0,0.1960405378,0.0093,0.0802683,0.03255,0.00018042,0.001302,6.63931e-05,0.00035805,9.834e-07,9.571e-07,0.0,4.16e-08,0.0,0.0,15.7683466546
2024-03-07,2024-03-07,8.0933889698,3.8426374866,0.0,0.0,1.5976026894,1.13295135,0.74907408,0.0129148442,0.0,0.1925598471,0.0093,0.08400225,0.032736,0.015730206,0.001302,6.87308e-05,0.00038595,9.803e-07,7.285e-07,0.0,5.66e-08,0.0,0.0,15.7646561693
2024-03-08,2024-03-08,8.2083589814,3.8401137708,0.0,0.0,1.5528049052,1.16229657,0.770060832,0.0121923579,0.0,0.181435677,0.0093,0.08576925,0.029946,0.0163752912,0.001302,6.6393e-05,0.000372,7.484e-07,9.554e-07,0.0,6.4e-08,0.0,0.0,15.8703957963
2024-03-09,2024-03-09,5.6155560708,3.8400542938,0.0,0.0,1.5646139753,1.122168,0.743262324,0.0125712457,0.0,0.1870725378,0.0093,0.0890847,0.027156,0.0179091588,0.001302,6.17178e-05,0.000372,9.617e-07,9.478e-07,0.0,6.52e-08,0.0,0.0,13.2304859987
2024-03-10,2024-03-10,5.3462301918,3.840621422,0.0,0.0,1.5599593728,1.10948187,0.735436188,0.0122282269,0.0,0.182082447,0.0093,0.09156315,0.027156,0.0181072488,0.000651,6.49853e-05,0.00038595,7.546e-07,7.247e-07,0.0,6.34e-08,0.0,0.0,12.9332695953
2024-03-11,2024-03-11,6.0429222143,3.8419669724,0.0,0.0,1.5853762709,1.15036932,0.76233774,0.0125734257,0.0,0.1873057923,0.0093,0.09428805,0.027156,0.0199452636,0.002604,7.48135e-05,0.00038595,9.896e-07,9.516e-07,0.0,6.46e-08,0.0,0.0,13.7366078185
2024-03-12,2024-03-12,5.6632802542,3.8406015835,0.0,0.0,1.5708731361,1.12894212,0.746117052,0.0125513877,0.0,0.1868773038,0.0093,0.09617595,0.027156,0.026990831,0.003906,7.29408e-05,0.00039525,9.896e-07,7.323e-07,0.0,5.86e-08,0.0,0.0,13.3132415896
2024-03-13,2024-03-13,5.5570654699,3.8419849865,0.0,0.0,1.5842739483,1.10642403,0.730370292,0.0127464663,0.0,0.1900418634,0.0093,0.0987753,0.029946,0.0171478622,0.003906,3.8806e-05,0.0002232,7.205e-07,7.065e-07,0.0,5.12e-08,0.0,0.0,13.1822457028
2024-03-14,2024-03-14,5.6542167921,3.8426198513,0.0,0.0,1.600935892,1.14405834,0.754973256,0.0130279158,0.0,0.1942327034,0.0093,0.10118865,0.042594,0.0154938038,0.005859,1.5894e-05,6.51e-05,4.607e-07,6.877e-07,0.0,6.3e-08,0.0,0.0,13.3785824098
2024-03-15,2024-03-15,5.61452645,3.8435492649,0.0,0.0,1.6174046928,1.13275047,0.748381788,0.013139861,0.0,0.1962175172,0.0093,0.1035369,0.028644,0.0238402586,0.005859,5.6132e-06,6.51e-05,2.287e-07,2.286e-07,0.0,6.3e-08,0.0,0.0,13.337221436
2024-03-16,2024-03-16,5.4277670908,3.8428625785,0.0,0.0,1.5954524744,1.10475003,0.730091292,0.0128500151,0.0,0.1911640771,0.0093,0.1062897,0.027156,0.0202645598,0.01953,1.96394e-05,7.905e-05,4.638e-07,4.598e-07,0.0,6.3e-08,0.0,0.0,13.0875774937
2024-03-17,2024-03-17,5.0160981513,3.8430643414,0.0,0.0,1.5931044407,1.09028667,0.72172278,0.0126485803,0.0,0.1889720572,0.0,0.10877745,0.027156,0.0213307514,0.005859,7.4859e-06,4.65e-05,4.607e-07,2.286e-07,0.0,6.18e-08,0.0,0.0,12.6290749593
2024-03-18,2024-03-18,5.741930551,3.8451075563,0.0,0.0,1.6317359425,1.13564649,0.746054184,0.0132394695,0.0,0.1976288317,0.0093,0.11135355,0.032736,0.0169141838,0.0,5.5966e-06,8.37e-05,6.957e-07,2.305e-07,0.0,5.9e-08,0.0,0.0,13.4817370406
2024-03-19,2024-03-19,5.4310941405,3.8441009266,0.0,0.0,1.6301247517,1.13887731,0.747700656,0.0132866987,0.0,0.1984711942,0.0558,0.1141296,0.030132,0.0183747326,0.01953,2.10344e-05,8.835e-05,6.926e-07,6.952e-07,0.0,5.94e-08,0.0,0.0,13.2417328419
2024-03-20,2024-03-20,2.9051493647,3.8444226776,0.0,0.0,1.6280568595,1.14961881,0.760003812,0.0131460149,0.0,0.1961807318,0.0558,0.1166871,0.027156,0.017007821,0.003906,1.40213e-05,8.835e-05,3e-09,4.617e-07,0.0,6.54e-08,0.0,0.0,10.7172380929
2024-03-21,2024-03-21,2.8723759881,3.8443662279,0.0,0.0,1.6360859783,1.13388321,0.750073644,0.0133721234,0.0,0.1997428306,0.0465,0.11920275,0.046686,0.0185969702,0.003906,1.73017e-05,6.51e-05,4.607e-07,0.0,0.0,6.24e-08,0.0,0.0,10.6848746473
2024-03-22,2024-03-22,2.8399428453,3.8428411759,0.0,0.0,1.6127743643,1.14283632,0.755906976,0.0130752345,0.0,0.1952622944,0.0372,0.1204815,0.029946,0.0162015902,0.005859,1.26263e-05,9.3e-05,4.607e-07,6.877e-07,0.0,6.14e-08,0.0,0.0,10.6124341367
2024-03-23,2024-03-23,2.8007767856,3.84344939,0.0,0.0,1.6252656965,1.11722691,0.739399104,0.0132130422,0.0,0.197702007,0.0558,0.1204536,0.027156,0.0172946774,0.007812,1.4964e-05,9.3e-05,4.607e-07,2.305e-07,0.0,6.54e-08,0.0,0.0,10.5656579333
2024-03-24,2024-03-24,5.2594285101,3.8430527117,0.0,0.0,1.603004839,1.10597484,0.731854944,0.0127467116,0.0,0.1902868278,0.0186,0.1204536,0.027156,0.0185436326,0.011718,1.82444e-05,0.0001023,4.669e-07,4.598e-07,0.0,6.54e-08,0.0,0.0,12.9429421533
2024-03-25,2024-03-25,2.7795017943,3.8446994706,0.0,0.0,1.5939457706,1.13359584,0.750056532,0.0123277987,0.0,0.183262129,0.0186,0.1298838,0.027156,0.0161510798,0.005859,1.86959e-05,8.37e-05,6.926e-07,6.896e-07,0.0,5.9e-08,0.0,0.0,10.4951430521
2024-03-26,2024-03-26,2.72161753,3.845630726,0.0,0.0,1.6266462001,1.15181454,0.761619036,0.0129533087,0.0,0.1919238055,0.0465,0.13169265,0.027156,0.0188990462,0.011718,2.10463e-05,6.51e-05,4.638e-07,4.636e-07,0.0,6.4e-08,0.0,0.0,10.5482579802
2024-03-27,2024-03-27,2.4171923242,3.8466857016,0.0,0.0,1.6354403561,1.1342487,0.75017334,0.0129641243,1.019999983,0.1934548422,0.0186,0.13483605,0.019065,0.0171782138,0.017577,1.49633e-05,7.905e-05,4.669e-07,4.617e-07,0.0,6.18e-08,0.0,0.0,11.2175106389
2024-03-28,2024-03-28,2.9789697817,3.8477626661,0.0,0.0,1.6540890745,1.12999953,0.747304104,0.0131979097,1.9499999675,0.1974102773,0.0372,0.13722615,0.030225,0.0178615802,0.005859,2.19763e-05,9.3e-05,7.081e-07,6.915e-07,0.0,5.78e-08,0.0,0.0,12.7472214747
2024-03-29,2024-03-29,2.3299303858,3.8477486619,0.0,0.0,1.6891719144,1.12554948,0.74422878,0.0142529677,2.159999964,0.2134225292,0.0,0.1405881,0.019065,0.0209843366,0.001953,2.10336e-05,9.765e-05,6.957e-07,6.915e-07,0.0,5.9e-08,0.0,0.0,12.3070152494
2024-03-30,2024-03-30,3.0386645333,3.8481619599,0.0,0.0,1.6784853698,1.094547,0.724033272,0.0138220106,2.159999964,0.2069070586,0.0186,0.1429503,0.019065,0.020059361,0.005859,6.5551e-06,4.65e-05,2.287e-07,4.579e-07,0.0,5.9e-08,0.0,0.0,12.9712086299
2024-03-31,2024-03-31,5.1016835819,3.8484776029,0.0,0.0,1.6635988131,1.09087257,0.721927008,0.0132647089,2.159999964,0.1980665118,0.0465,0.13854675,0.019065,0.018237791,0.0,1.35555e-05,6.51e-05,6.895e-07,6.877e-07,0.0,5.94e-08,0.0,0.0,15.0203203937
2024-04-01,2024-04-01,7.8361461969,3.6419103756,95.44,0.0,1.594791903,1.0733380512,0.707591104,0.013105833,2.1120000192,0.1571320643,0.0176,0.1311068,0.03872,0.0151398368,0.0,8.44e-08,7.48e-05,2.285e-07,2.231e-07,0.0,5.29e-08,0.0,0.0,112.7786575729
2024-04-02,2024-04-02,7.9286897126,3.6403312804,0.0,0.0,1.5699893508,1.1010369312,0.72588736,0.0128020608,2.1120000192,0.1909694889,0.0264,0.1341648,0.04136,0.020387664,0.0,1.94685e-05,8.8e-05,6.617e-07,6.531e-07,0.0,5.66e-08,0.0,0.0,17.5041275078
2024-04-03,2024-04-03,7.9279259918,3.6410734692,0.0,0.0,1.6053538824,1.0883121312,0.717803328,0.0135818125,2.1120000192,0.2033800063,0.044,0.2316204,0.03784,0.0214715424,0.003696,2.30125e-05,0.0001012,8.784e-07,8.7e-07,0.0,5.61e-08,0.0,0.0,17.6481846
2024-04-04,2024-04-04,7.6490892221,3.6411761795,0.0,0.0,1.6104688757,1.1047276512,0.72955168,0.0137662206,2.1120000192,0.2061745417,0.0088,0.14058,0.03344,0.01734832,0.002464,3.84965e-05,0.0002068,6.82e-07,6.675e-07,0.0,5.4e-08,0.0,0.0,17.26983341
2024-04-05,2024-04-05,7.9192667987,3.6419804773,0.0,0.0,1.6180206669,1.0910867712,0.719956864,0.01370915,2.1120000192,0.2051118573,0.0088,0.1424896,0.027104,0.0159157856,0.003696,5.26434e-05,0.000286,9.161e-07,8.916e-07,0.0,5.6e-08,0.0,0.0,17.5194784973
2024-04-06,2024-04-06,8.0887852872,3.6412900588,0.0,0.0,1.6102644301,1.0581844512,0.69842432,0.013458938,2.1120000192,0.2027232319,0.0088,0.1462824,0.025696,0.014874816,0.003696,5.53076e-05,0.0003124,7.081e-07,6.765e-07,0.0,5.67e-08,0.0,0.0,17.6248491013
2024-04-07,2024-04-07,7.8500980683,3.6417676324,0.0,0.0,1.606074507,1.0478567712,0.691591296,0.0131571623,2.1120000192,0.1982738441,0.0088,0.1488256,0.025696,0.0182098752,0.003696,6.14916e-05,0.0003124,9.248e-07,8.98e-07,0.0,5.72e-08,0.0,0.0,17.3664225473
2024-04-08,2024-04-08,7.9604891882,3.6433269636,0.0,0.0,1.6424093359,1.0854054912,0.716161952,0.0140101221,2.1120000192,0.2102042453,0.0088,0.1507748,0.025696,0.0198924,0.003696,5.83996e-05,0.0003388,9.25e-07,9.002e-07,0.0,5.97e-08,0.0,0.0,17.593265602
2024-04-09,2024-04-09,7.9841324108,3.6415131106,0.0,0.0,1.6043982813,1.0875861312,0.7180096,0.0133508402,2.1120000192,0.1999496622,0.0088,0.1536304,0.025696,0.0162923552,0.003696,6.37036e-05,0.0002992,9.339e-07,6.901e-07,0.0,6.29e-08,0.0,0.0,17.5694194012
2024-04-10,2024-04-10,7.9397942319,3.6422416247,0.0,0.0,1.6120262585,1.0903898112,0.71917472,0.0134585099,2.1120000192,0.2013691895,0.0088,0.1564112,0.028336,0.0152650432,0.001848,5.53076e-05,0.0003124,7.111e-07,8.982e-07,0.0,7.03e-08,0.0,0.0,17.5414839953
2024-04-11,2024-04-11,7.9652626199,3.6402808939,0.0,0.0,1.5883507953,1.0842333312,0.715615648,0.0131604049,2.1120000192,0.1984829985,0.0088,0.1603228,0.027104,0.0184073826,0.003696,6.37034e-05,0.0003388,9.34e-07,9.014e-07,0.0,5.63e-08,0.0,0.0,17.5361212886
2024-04-12,2024-04-12,8.0292896045,3.6404088543,0.0,0.0,1.5942948426,1.0898248512,0.719054688,0.013388332,2.1120000192,0.2004988351,0.0088,0.162954,0.028336,0.0226888756,0.003696,6.50356e-05,0.0003916,9.339e-07,8.962e-07,0.0,5.4e-08,0.0,0.0,17.6256934222
2024-04-13,2024-04-13,7.9386202834,3.6375951502,0.0,0.0,1.5663822332,1.0519910112,0.694759648,0.0132468166,2.1120000192,0.1980866074,0.0088,0.1942556,0.029744,0.0213221176,0.003696,6.37036e-05,0.0003784,9.368e-07,6.951e-07,0.0,5.66e-08,0.0,0.0,17.4709432789
2024-04-14,2024-04-14,7.8465958049,3.6370541819,0.0,0.0,1.5530426183,1.0441977312,0.689264928,0.012927672,2.1120000192,0.1933318647,0.0088,0.1687488,0.025696,0.0143363258,0.003696,6.63676e-05,0.0003784,7.23e-07,9.068e-07,0.0,5.66e-08,0.0,0.0,17.3101384
2024-04-15,2024-04-15,8.045176728,3.6386479121,0.0,0.0,1.5883242592,1.0828974912,0.715328416,0.0136066308,2.1120000192,0.2037965769,0.0088,0.171402,0.025696,0.0172849708,0.003696,6.81275e-05,0.0003652,9.309e-07,9.068e-07,0.0,5.62e-08,0.0,0.0,17.6270922256
2024-04-16,2024-04-16,8.063538764,3.6394654288,0.0,0.0,1.5982218253,1.0917890112,0.720293376,0.0137143124,2.1120000192,0.2055544996,0.0088,0.1745216,0.028336,0.0200094268,0.003696,6.59155e-05,0.0003784,9.192e-07,6.901e-07,0.0,5.33e-08,0.0,0.0,17.6803862414
2024-04-17,2024-04-17,8.0811205735,3.6398377687,0.0,0.0,1.5955176639,1.0866410112,0.717511872,0.0135915118,2.1120000192,0.2034805921,0.0088,0.1772848,0.025696,0.0158803394,0.003696,5.97315e-05,0.000352,7.14e-07,9.084e-07,0.0,5.53e-08,0.0,0.0,17.681471561
2024-04-18,2024-04-18,8.0895566577,3.6414525005,0.0,0.0,1.6272201506,1.0846108512,0.715574816,0.0141031965,2.1120000192,0.211803071,0.0088,0.1800524,0.025696,0.0191346964,0.003696,5.92795e-05,0.0003388,9.312e-07,8.982e-07,0.0,5.41e-08,0.0,0.0,17.7341003221
2024-04-19,2024-04-19,7.9725680299,3.6422324263,0.0,0.0,1.6147249974,1.0825780512,0.714176672,0.0136182154,2.1120000192,0.2039825345,0.0088,0.1821468,0.030976,0.0158689924,0.003696,5.61876e-05,0.0003388,9.249e-07,9.012e-07,0.0,5.28e-08,0.0,0.0,17.5977656048
2024-04-20,2024-04-20,8.3646220294,3.6402957252,0.0,0.0,1.5952239073,1.0586966112,0.699205408,0.0134121223,2.1120000192,0.201054424,0.0088,0.1863928,0.029744,0.0194674996,0.003696,5.48555e-05,0.0002992,7.143e-07,6.835e-07,0.0,5.34e-08,0.0,0.0,17.9329660529
2024-04-21,2024-04-21,7.9871960176,3.6401752536,0.0,0.0,1.5851380177,1.0428724512,0.688567968,0.0131600007,2.1120000192,0.1971378738,0.0088,0.1897852,0.01804,0.0166141988,0.003696,5.97316e-05,0.0003388,9.221e-07,8.998e-07,0.0,5.63e-08,0.0,0.0,17.5035834104
2024-04-22,2024-04-22,8.2276194693,3.6414040513,0.0,0.0,1.6039856805,1.0849936512,0.7167780806,0.0134381046,2.1120000192,0.2015396919,0.0088,0.1927068,0.04972,0.0210702484,0.003696,0.0001763357,0.000352,9.249e-07,8.962e-07,0.0,5.31e-08,0.0,0.0,17.8782820069
2024-04-23,2024-04-23,8.313418709,3.6420940137,0.0,0.0,1.6236608275,1.0864456512,0.717085248,0.0138137407,2.1120000192,0.2074572447,0.0088,0.1954788,0.01804,0.016509961,0.003696,5.92758e-05,0.0003388,7.14e-07,6.865e-07,0.0,5.33e-08,0.0,0.0,17.9588997446
2024-04-24,2024-04-24,7.9111275304,3.6438365272,0.0,0.0,1.6300069172,1.0717223712,0.706900832,0.0137837694,2.1120000192,0.2064477343,0.0088,0.1989328,0.02068,0.0166020556,0.003696,5.66471e-05,0.0003036,9.193e-07,8.948e-07,0.0,4.83e-08,0.0,0.0,17.544898666
2024-04-25,2024-04-25,8.4552438029,3.645565642,0.0,0.0,1.6320164201,1.0796291712,0.712282208,0.0136199782,2.1120000192,0.2033677502,0.0088,0.2017752,0.0198,0.0233503292,0.003696,6.02186e-05,0.0003388,9.248e-07,8.952e-07,0.0,5.04e-08,0.0,0.0,18.11154741
2024-04-26,2024-04-26,8.2831644825,3.6453987559,0.0,0.0,1.6048087426,1.0834149312,0.71467264,0.0130344121,2.1120000192,0.1943185612,0.0,0.2131404,0.01804,0.0193468194,0.003696,5.75076e-05,0.0003388,7.083e-07,6.835e-07,0.0,4.95e-08,0.0,0.0,17.905433513
2024-04-27,2024-04-27,8.282875925,3.6451229566,0.0,0.0,1.6028748544,1.0459638912,0.689801728,0.0130595071,2.1120000192,0.1942769898,0.0088,0.2079132,0.06028,0.01870481,0.003696,5.48556e-05,0.0002992,9.251e-07,8.964e-07,0.0,5.16e-08,0.0,0.0,17.88572581
2024-04-28,2024-04-28,8.1924709802,3.6445701041,0.0,0.0,1.5972275605,1.0373627712,0.684516448,0.0129640751,2.1120000192,0.1931630451,0.0088,0.2112616,0.01804,0.0193063188,0.001848,5.75196e-05,0.0002992,6.998e-07,6.849e-07,0.0,5.38e-08,0.0,0.0,17.7338890803
2024-04-29,2024-04-29,8.4168796148,3.6463005055,0.0,0.0,1.6233916101,1.1124126912,0.7342016,0.0133353849,2.1120000192,0.1990869195,0.0088,0.2126608,0.02068,0.0189641508,0.003696,4.86596e-05,0.000308,9.133e-07,8.914e-07,0.0,6.06e-08,0.0,0.0,18.1227678209
2024-04-30,2024-04-30,8.5418131568,3.6466539601,0.0,0.0,1.6248424176,1.1629422912,0.767583168,0.0134064226,2.1120000192,0.1982312592,0.0088,0.2681976,0.0286,0.0221192436,0.003696,5.48547e-05,0.0003124,7.113e-07,8.995e-07,0.0,6.7e-08,0.0,0.0,18.3992544708
