date-time,date-time,EC2-Instances($),S3($),Relational Database Service($),EC2-Other($),Glue($),DocumentDB (with MongoDB compatibility)($),Elastic MapReduce($),CloudWatch($),VPC($),OpenSearch Service($),Redshift($),Managed Streaming for Apache Kafka($),SageMaker($),ElastiCache($),DMS($),Elastic Load Balancing($),QuickSight($),Elastic File System($),SNS($),Lambda($),Elastic Container Service for Kubernetes($),Rekognition($),Hardened Red Hat Enterprise 7 (RHEL 7)($),Step Functions($),Glacier($),DynamoDB($),Backup($),AppFlow($),Route 53($),SQS($),EC2 Container Registry (ECR)($),Key Management Service($),API Gateway($),CloudFront($),Athena($),Secrets Manager($),CloudWatch Events($),Cognito($),X-Ray($),Cost Explorer($),Service Catalog($),Systems Manager($),SES($),Simple Workflow Service($),Direct Connect($),CloudTrail($),CodeArtifact($),Elastic Container Service($),Migration Hub Refactor Spaces($),Location Service($)
2023-04-01,2023-04-01,,2.7290421737,,,0.0,,,0.0765857481,,,,,,,,,0.0,,1.86e-06,0.0812177717,,,,0.0,0.0,,,,,3.72e-07,,0.00014508,,,0.0,4.65e-06,,,,0.0,0.0,0.0,,0.0,,0.01140459,0.0,,,
2023-04-02,2023-04-02,,2.7344835661,,,0.0,,,0.0773177328,,,,,,,,,0.0,,1.395e-06,0.1447460478,,,,0.0,0.0,,,,,3.72e-07,,9.765e-05,,,0.0,4.65e-06,,,,0.0,0.0,0.0,,0.0,,0.01198119,0.0,,,
2023-04-03,2023-04-03,,2.7016063138,,,0.0,,,0.0788618493,,,,,,,,,0.0,,9.3e-07,0.153914213,,,,0.0,0.0,,,,,7.44e-07,,1.395e-05,,,0.0,9.3e-06,,,,0.0,0.0,0.0,,0.0,,0.012276,0.0,,,
2023-04-04,2023-04-04,,2.6845206862,,,0.0,,,0.0754330946,,,,,,,,,0.0,,1.86e-06,0.1447180249,,,,0.0,0.0,,,,,3.72e-07,,0.00016182,,,0.0,4.65e-06,,,,0.0,0.0,0.0,,0.0,,0.01110327,0.0,,,
2023-04-05,2023-04-05,,2.68499009,,,0.0,,,0.0753702965,,,,,,,,,0.0,,1.86e-06,0.1510464209,,,,0.0,0.0,,,,,7.44e-07,,0.00010044,,,0.0,9.3e-06,,,,0.0,0.0,0.0,,0.0,,0.01160826,0.0,,,
2023-04-06,2023-04-06,,2.6850095253,,,0.0,,,0.0756694032,,,,,,,,,0.0,,1.395e-06,0.1607960306,,,,0.0,0.0,,,,,3.72e-07,,9.765e-05,,,0.0,4.65e-06,,,,0.0,0.0,0.0,,0.0,,0.0117087,0.0,,,
2023-04-07,2023-04-07,,2.6941922657,,,0.0,,,0.0748255823,,,,,,,,,0.0,,1.395e-06,0.1561955038,,,,0.0,0.0,,,,,3.72e-07,,9.765e-05,,,0.0,4.65e-06,,,,0.0,0.0,0.0,,0.0,,0.0113832,0.0,,,
2023-04-08,2023-04-08,,2.6961729985,,,0.0,,,0.0747018956,,,,,,,,,0.0,,1.395e-06,0.1487866616,,,,0.0,0.0,,,,,3.72e-07,,0.00010323,,,0.0,4.65e-06,,,,0.0,0.0,0.0,,0.0,,0.01134135,0.0,,,
2023-04-09,2023-04-09,,2.6920276765,,,0.0,,,0.074218234,,,,,,,,,0.0,,1.395e-06,0.1454629866,,,,0.0,0.0,,,,,3.72e-07,,9.765e-05,,,0.0,4.65e-06,,,,0.0,0.0,0.0,,0.0,,0.01119348,0.0,,,
2023-04-10,2023-04-10,,2.690911494,,,0.0,,,0.0751795328,,,,,,,,,0.0,,1.86e-06,0.1527080782,,,,0.0,0.0,,,,,7.44e-07,,0.00010044,,,0.0,9.3e-06,,,,0.0,0.0,0.0,,0.0,,0.0115413,0.0,,,
2023-04-11,2023-04-11,,2.3946715601,,,0.0,,,0.0744241321,,,,,,,,,0.0,,1.395e-06,0.1469165385,,,,0.0,0.0,,,,,3.72e-07,,9.765e-05,,,0.0,4.65e-06,,,,0.0,0.0,0.0,,0.0,,0.01130043,0.0,,,
2023-04-12,2023-04-12,,2.9686211208,,,0.0,,,0.0751724075,,,,,,,,,0.0,,1.395e-06,0.1532719444,,,,0.0,0.0,,,,,3.72e-07,,9.765e-05,,,0.0,4.65e-06,,,,0.0,0.0,0.0,,0.0,,0.01154967,0.0,,,
2023-04-13,2023-04-13,,2.6838782482,,,0.0,,,0.07808294,,,,,,,,,0.0,,1.86e-06,0.1526072273,,,,0.0,0.0,,,,,7.44e-07,,0.00010602,,,0.0,9.3e-06,,,,0.0,0.0,0.0,,0.0,,0.01250943,0.0,,,
2023-04-14,2023-04-14,,2.6857358152,,,0.0,,,0.0778732926,,,,,,,,,0.0,,1.395e-06,0.1508236102,,,,0.0,0.0,,,,,3.72e-07,,0.00010044,,,0.0,4.65e-06,,,,0.0,0.0,0.0,,0.0,,0.01250292,0.0,,,
2023-04-15,2023-04-15,,2.6869825273,,,0.0,,,0.0765833026,,,,,,,,,0.0,,1.395e-06,0.1497235358,,,,0.0,0.0,,,,,3.72e-07,,9.765e-05,,,0.0,4.65e-06,,,,0.0,0.0,0.0,,0.0,,0.01235412,0.0,,,
2023-04-16,2023-04-16,,2.6811464741,,,0.0,,,0.0754807455,,,,,,,,,0.0,,1.395e-06,0.1405692685,,,,0.0,0.0,,,,,3.72e-07,,9.765e-05,,,0.0,4.65e-06,,,,0.0,0.0,0.0,,0.0,,0.01204629,0.0,,,
2023-04-17,2023-04-17,,2.6838021393,,,0.0,,,0.0763836818,,,,,,,,,0.0,,1.86e-06,0.1504228468,,,,0.0,0.0,,,,,7.44e-07,,0.00010044,,,0.0,9.3e-06,,,,0.0,0.0,0.0,,0.0,,0.01250292,0.0,,,
2023-04-18,2023-04-18,,2.6774985637,,,0.0,,,0.0765497822,,,,,,,,,0.0,,9.3e-07,0.1455641297,,,,0.0,0.0,,,,,3.72e-07,,5.022e-05,,,0.0,4.65e-06,,,,0.0,0.0,0.0,,0.0,,0.01207698,0.0,,,
2023-04-19,2023-04-19,,2.6552511611,,,0.0,,,0.075210784,,,,,,,,,0.0,,1.86e-06,0.1500947192,,,,0.0,0.0,,,,,7.44e-07,,0.00010881,,,0.0,9.3e-06,,,,0.0,0.0,0.0,,0.0,,0.01116558,0.0,,,
2023-04-20,2023-04-20,,2.6530161939,,,0.0,,,0.0768357599,,,,,,,,,0.0,,2.325e-06,0.1539095169,,,,0.0,0.0,,,,,1.116e-06,,0.00010323,,,0.0,1.395e-05,,,,0.0,0.0,0.0,,0.0,,0.01119348,0.0,,,
2023-04-21,2023-04-21,,2.395739966,,,0.0,,,0.076751639,,,,,,,,,0.0,,1.395e-06,0.1529866931,,,,0.0,0.0,,,,,3.72e-07,,9.765e-05,,,0.0,4.65e-06,,,,0.0,0.0,0.0,,0.0,,0.01210767,0.0,,,
2023-04-22,2023-04-22,,2.9298580421,,,0.0,,,0.0758044602,,,,,,,,,0.0,,1.395e-06,0.1431893879,,,,0.0,0.0,,,,,3.72e-07,,9.765e-05,,,0.0,4.65e-06,,,,0.0,0.0,0.0,,0.0,,0.01212162,0.0,,,
2023-04-23,2023-04-23,,2.6617666518,,,0.0,,,0.0753151409,,,,,,,,,0.0,,1.395e-06,0.138352144,,,,0.0,0.0,,,,,3.72e-07,,0.00010323,,,0.0,4.65e-06,,,,0.0,0.0,0.0,,0.0,,0.01182588,0.0,,,
2023-04-24,2023-04-24,,2.62461265,,,0.0,,,0.0775419626,,,,,,,,,0.0,,1.86e-06,0.1491084229,,,,0.0,0.0,,,,,7.44e-07,,0.00010602,,,0.0,9.3e-06,,,,0.0,0.0,0.0,,0.0,,0.01211976,0.0,,,
2023-04-25,2023-04-25,,2.625355704,,,0.0,,,0.0764076063,,,,,,,,,0.0,,1.395e-06,0.148109324,,,,0.0,0.0,,,,,3.72e-07,,0.00010602,,,0.0,4.65e-06,,,,0.0,0.0,0.0,,0.0,,0.01215882,0.0,,,
2023-04-26,2023-04-26,,2.6234633666,,,0.0,,,0.0758144571,,,,,,,,,0.0,,1.86e-06,0.1440414088,,,,0.0,0.0,,,,,7.44e-07,,0.00010602,,,0.0,9.3e-06,,,,0.0,0.0,0.0,,0.0,,0.01189284,0.0,,,
2023-04-27,2023-04-27,,2.619142895,,,0.0,,,0.0766659954,,,,,,,,,0.0,,1.395e-06,0.1547023525,,,,0.0,0.0,,,,,3.72e-07,,0.00010881,,,0.0,4.65e-06,,,,0.0,0.0,0.0,,0.0,,0.01187517,0.0,,,
2023-04-28,2023-04-28,,2.6268318612,,,0.0,,,0.0767140957,,,,,,,,,0.0,,1.395e-06,0.1543630124,,,,0.0,0.0,,,,,3.72e-07,,0.00010602,,,0.0,4.65e-06,,,,0.0,0.0,0.0,,0.0,,0.01212534,0.0,,,
2023-04-29,2023-04-29,,2.6295713804,,,0.0,,,0.0759603471,,,,,,,,,0.0,,1.395e-06,0.1496375299,,,,0.0,0.0,,,,,3.72e-07,,0.00010323,,,0.0,4.65e-06,,,,0.0,0.0,0.0,,0.0,,0.01192353,0.0,,,
2023-04-30,2023-04-30,,2.6330424528,,,0.0,,,0.0753521571,,,,,,,,,0.0,,1.395e-06,0.1424034569,,,,0.0,0.0,,,,,3.72e-07,,0.00010323,,,0.0,4.65e-06,,,,0.0,0.0,0.0,,0.0,,0.01188819,0.0,,,
2023-05-01,2023-05-01,,2.6364553782,,,0.0,,,0.0758723919,,,,,,,,,0.0,,0.0,0.0795741811,,,,0.0,0.0,,,,,3.72e-07,,9.765e-05,,,0.0,4.65e-06,,,,0.0,0.0,0.0,,0.0,,0.01203513,0.0,,,
2023-05-02,2023-05-02,,2.6358274183,,,0.0,,,0.0768943016,,,,,,,,,0.0,,1.86e-06,0.1478829768,,,,0.0,0.0,,,,,7.44e-07,,0.00010044,,,0.0,9.3e-06,,,,0.0,0.0,0.0,,0.0,,0.01217184,0.0,,,
2023-05-03,2023-05-03,,2.6007553768,,,0.0,,,0.0751603948,,,,,,,,,0.0,,1.395e-06,0.1446863337,,,,0.0,0.0,,,,,3.72e-07,,9.765e-05,,,0.0,4.65e-06,,,,0.0,0.0,0.0,,0.0,,0.01188912,0.0,,,
2023-05-04,2023-05-04,,2.5999368057,,,0.0,,,0.070024754,,,,,,,,,0.0,,1.86e-06,0.1485635791,,,,0.0,0.0,,,,,7.44e-07,,0.00010323,,,0.0,9.3e-06,,,,0.0,0.0,0.0,,0.0,,0.01119162,0.0,,,
2023-05-05,2023-05-05,,2.6010968961,,,0.0,,,0.0597300165,,,,,,,,,0.0,,1.395e-06,0.1455790914,,,,0.0,0.0,,,,,3.72e-07,,9.765e-05,,,0.0,4.65e-06,,,,0.0,0.0,0.0,,0.0,,0.01087821,0.0,,,
2023-05-06,2023-05-06,,2.5963060649,,,0.0,,,0.0545151847,,,,,,,,,0.0,,9.3e-07,0.1409249806,,,,0.0,0.0,,,,,3.72e-07,,5.301e-05,,,0.0,4.65e-06,,,,0.0,0.0,0.0,,0.0,,0.01051923,0.0,,,
2023-05-07,2023-05-07,,2.5938849122,,,0.0,,,0.0511218425,,,,,,,,,0.0,,1.395e-06,0.1284977387,,,,0.0,0.0,,,,,3.72e-07,,0.00010323,,,0.0,4.65e-06,,,,0.0,0.0,0.0,,0.0,,0.01005702,0.0,,,
2023-05-08,2023-05-08,,2.5967161445,,,0.0,,,0.0615501615,,,,,,,,,0.0,,1.86e-06,0.1469063688,,,,0.0,0.0,,,,,7.44e-07,,0.00010044,,,0.0,9.3e-06,,,,0.0,0.0,0.0,,0.0,,0.01078521,0.0,,,
2023-05-09,2023-05-09,,2.6014358008,,,0.0,,,0.0638275942,,,,,,,,,0.0,,1.395e-06,0.149434276,,,,0.0,0.0,,,,,3.72e-07,,9.765e-05,,,0.0,4.65e-06,,,,0.0,0.0,0.0,,0.0,,0.01098051,0.0,,,
2023-05-10,2023-05-10,,2.603187329,,,0.0,,,0.0636746877,,,,,,,,,0.0,,1.395e-06,0.1480704248,,,,0.0,0.0,,,,,3.72e-07,,9.765e-05,,,0.0,4.65e-06,,,,0.0,0.0,0.0,,0.0,,0.01087356,0.0,,,
2023-05-11,2023-05-11,,2.6087166812,,,0.0,,,0.0651514458,,,,,,,,,0.0,,1.86e-06,0.1501729802,,,,0.0,0.0,,,,,7.44e-07,,0.00010044,,,0.0,9.3e-06,,,,0.0,0.0,0.0,,0.0,,0.01184913,0.0,,,
2023-05-12,2023-05-12,,2.6044947735,,,0.0,,,0.0647009059,,,,,,,,,0.0,,1.395e-06,0.1511479502,,,,0.0,0.0,,,,,3.72e-07,,0.00010044,,,0.0,4.65e-06,,,,0.0,0.0,0.0,,0.0,,0.01148457,0.0,,,
2023-05-13,2023-05-13,,2.6037837416,,,0.0,,,0.0640730357,,,,,,,,,0.0,,1.395e-06,0.1476398477,,,,0.0,0.0,,,,,3.72e-07,,9.765e-05,,,0.0,4.65e-06,,,,0.0,0.0,0.0,,0.0,,0.01122603,0.0,,,
2023-05-14,2023-05-14,,2.5993911807,,,0.0,,,0.0637008667,,,,,,,,,0.0,,1.395e-06,0.1456079894,,,,0.0,0.0,,,,,3.72e-07,,9.765e-05,,,0.0,4.65e-06,,,,0.0,0.0,0.0,,0.0,,0.01109955,0.0,,,
2023-05-15,2023-05-15,,2.5758330818,,,0.0,,,0.0645246335,,,,,,,,,0.0,,9.3e-07,0.1492967348,,,,0.0,0.0,,,,,3.72e-07,,5.58e-05,,,0.0,4.65e-06,,,,0.0,0.0,0.0,,0.0,,0.01126044,0.0,,,
2023-05-16,2023-05-16,,2.5983650513,,,0.0,,,0.065587193,,,,,,,,,0.0,,1.86e-06,0.145379139,,,,0.0,0.0,,,,,7.44e-07,,0.0001116,,,0.0,9.3e-06,,,,0.0,0.0,0.0,,0.0,,0.01161849,0.0,,,
2023-05-17,2023-05-17,,2.5870728504,,,0.0,,,0.0656245361,,,,,,,,,0.0,,1.395e-06,0.1487790354,,,,0.0,0.0,,,,,3.72e-07,,0.00010323,,,0.0,4.65e-06,,,,0.0,0.0,0.0,,0.0,,0.01174404,0.0,,,
2023-05-18,2023-05-18,,2.6011344056,,,0.0,,,0.0649911108,,,,,,,,,0.0,,1.86e-06,0.1523585815,,,,0.0,0.0,,,,,7.44e-07,,0.00010044,,,0.0,9.3e-06,,,,0.0,0.0,0.0,,0.0,,0.01171242,0.0,,,
2023-05-19,2023-05-19,,2.5996841387,,,0.0,,,0.065684787,,,,,,,,,0.0,,1.395e-06,0.1561508133,,,,0.0,0.0,,,,,3.72e-07,,9.765e-05,,,0.0,4.65e-06,,,,0.0,0.0,0.0,,0.0,,0.01169754,0.0,,,
2023-05-20,2023-05-20,,2.6106357597,,,0.0,,,0.0644760094,,,,,,,,,0.0,,1.395e-06,0.1458403325,,,,0.0,0.0,,,,,3.72e-07,,9.765e-05,,,0.0,4.65e-06,,,,0.0,0.0,0.0,,0.0,,0.01154037,0.0,,,
2023-05-21,2023-05-21,,2.6118042545,,,0.0,,,0.0639899206,,,,,,,,,0.0,,1.395e-06,0.1412401507,,,,0.0,0.0,,,,,3.72e-07,,9.765e-05,,,0.0,4.65e-06,,,,0.0,0.0,0.0,,0.0,,0.01142691,0.0,,,
2023-05-22,2023-05-22,,2.5971571986,,,0.0,,,0.0657930146,,,,,,,,,0.0,,1.86e-06,0.1557668521,,,,0.0,0.0,,,,,3.72e-07,,0.00014508,,,0.0,4.65e-06,,,,0.0,0.0,0.0,,0.0,,0.01156362,0.0,,,
2023-05-23,2023-05-23,,2.6031617808,,,0.0,,,0.065931511,,,,,,,,,0.0,,1.395e-06,0.1546838549,,,,0.0,0.0,,,,,3.72e-07,,9.765e-05,,,0.0,4.65e-06,,,,0.0,0.0,0.0,,0.0,,0.01198119,0.0,,,
2023-05-24,2023-05-24,,2.5849219416,,,0.0,,,0.0662569616,,,,,,,,,0.0,,2.325e-06,0.1518192388,,,,0.0,0.0,,,,,1.116e-06,,0.00010881,,,0.0,1.395e-05,,,,0.0,0.0,0.0,,0.0,,0.01220439,0.0,,,
2023-05-25,2023-05-25,,2.5848457823,,,0.0,,,0.0664290637,,,,,,,,,0.0,,1.395e-06,0.1564094815,,,,0.0,0.0,,,,,3.72e-07,,0.00010323,,,0.0,4.65e-06,,,,0.0,0.0,0.0,,0.0,,0.01229274,0.0,,,
2023-05-26,2023-05-26,,2.5847965584,,,0.0,,,0.0662875481,,,,,,,,,0.0,,1.395e-06,0.1547488317,,,,0.0,0.0,,,,,3.72e-07,,0.00010323,,,0.0,4.65e-06,,,,0.0,0.0,0.0,,0.0,,0.01226577,0.0,,,
2023-05-27,2023-05-27,,2.5975363019,,,0.0,,,0.0652567377,,,,,,,,,0.0,,1.395e-06,0.1496646473,,,,0.0,0.0,,,,,3.72e-07,,0.00010323,,,0.0,4.65e-06,,,,0.0,0.0,0.0,,0.0,,0.01198212,0.0,,,
2023-05-28,2023-05-28,,2.6017163588,,,0.0,,,0.0650529538,,,,,,,,,0.0,,1.395e-06,0.1433157633,,,,0.0,0.0,,,,,3.72e-07,,0.00010323,,,0.0,4.65e-06,,,,0.0,0.0,0.0,,0.0,,0.01175241,0.0,,,
2023-05-29,2023-05-29,,2.5753155996,,,0.0,,,0.0467980748,,,,,,,,,0.0,,4.65e-07,0.1583721245,,,,0.0,0.0,,,,,3.72e-07,,2.79e-06,,,0.0,4.65e-06,,,,0.0,0.0,0.0,,0.0,,0.010323,0.0,,,
2023-05-30,2023-05-30,,2.33357103,,,0.0,,,0.0313340557,,,,,,,,,0.0,,4.65e-07,0.2365578428,,,,0.0,0.0,,,,,3.72e-07,,2.79e-06,,,0.0,4.65e-06,,,,0.0,0.0,0.0,,0.0,,0.00890196,0.0,,,
2023-05-31,2023-05-31,,2.5979417436,,,0.0,,,0.0295823159,,,,,,,,,0.0,,9.3e-07,0.2140843646,,,,0.0,0.0,,,,,7.44e-07,,5.58e-06,,,0.0,9.3e-06,,,,0.0,0.0,0.0,,0.0,,0.00865737,0.0,,,
2023-06-01,2023-06-01,,2.9906857651,,,0.0,,,0.0311973489,,,,,,,,,0.0,,9.3e-07,0.1321944478,,,,0.0,0.0,,,,,7.44e-07,,5.58e-06,,,0.0,9.3e-06,,,,0.0,0.0,0.0,,0.0,,0.00889917,0.0,,,
2023-06-02,2023-06-02,,2.7569071351,,,0.0,,,0.0336236437,,,,,,,,,0.0,,4.65e-07,0.2564036036,,,,0.0,0.0,,,,,3.72e-07,,2.79e-06,,,0.0,4.65e-06,,,,0.0,0.0,0.0,,0.0,,0.0092628,0.0,,,
2023-06-03,2023-06-03,,2.7427368688,,,0.0,,,0.0343383837,,,,,,,,,0.0,,4.65e-07,0.2696807809,,,,0.0,0.0,,,,,3.72e-07,,2.79e-06,,,0.0,4.65e-06,,,,0.0,0.0,0.0,,0.0,,0.00941346,0.0,,,
2023-06-04,2023-06-04,,2.7495745174,,,0.0,,,0.0289638514,,,,,,,,,0.0,,4.65e-07,0.2108867786,,,,0.0,0.0,,,,,3.72e-07,,2.79e-06,,,0.0,4.65e-06,,,,0.0,0.0,0.0,,0.0,,0.00860622,0.0,,,
2023-06-05,2023-06-05,,2.7652531867,,,0.0,,,0.0342613916,,,,,,,,,0.0,,9.3e-07,0.271502719,,,,0.0,0.0,,,,,7.44e-07,,5.58e-06,,,0.0,9.3e-06,,,,0.0,0.0,0.0,,0.0,,0.00942276,0.0,,,
2023-06-06,2023-06-06,,2.7784762046,,,0.0,,,0.0316597347,,,,,,,,,0.0,,9.3e-07,0.2357623405,,,,0.0,0.0,,,,,7.44e-07,,5.58e-06,,,0.0,9.3e-06,,,,0.0,0.0,0.0,,0.0,,0.00913911,0.0,,,
2023-06-07,2023-06-07,,2.791373509,,,0.0,,,0.030677267,,,,,,,,,0.0,,4.65e-07,0.228528965,,,,0.0,0.0,,,,,3.72e-07,,2.79e-06,,,0.0,4.65e-06,,,,0.0,0.0,0.0,,0.0,,0.00911586,0.0,,,
2023-06-08,2023-06-08,,2.7964320795,,,0.0,,,0.0354669427,,,,,,,,,0.0,,9.3e-07,0.2858680184,,,,0.0,0.0,,,,,7.44e-07,,5.58e-06,,,0.0,9.3e-06,,,,0.0,0.0,0.0,,0.0,,0.00979104,0.0,,,
2023-06-09,2023-06-09,,2.8103141543,,,0.0,,,0.0335039436,,,,,,,,,0.0,,4.65e-07,0.2608110905,,,,0.0,0.0,,,,,3.72e-07,,2.79e-06,,,0.0,4.65e-06,,,,0.0,0.0,0.0,,0.0,,0.00959388,0.0,,,
2023-06-10,2023-06-10,,2.8309965455,,,0.0,,,0.0322097961,,,,,,,,,0.0,,9.3e-07,0.2456320312,,,,0.0,0.0,,,,,7.44e-07,,5.58e-06,,,0.0,9.3e-06,,,,0.0,0.0,0.0,,0.0,,0.00931302,0.0,,,
2023-06-11,2023-06-11,,2.8429077029,,,0.0,,,0.0353736837,,,,,,,,,0.0,,4.65e-07,0.2844951907,,,,0.0,0.0,,,,,3.72e-07,,2.79e-06,,,0.0,4.65e-06,,,,0.0,0.0,0.0,,0.0,,0.00986451,0.0,,,
2023-06-12,2023-06-12,,2.8646850246,,,0.0,,,0.0319539421,,,,,,,,,0.0,,9.3e-07,0.2368092108,,,,0.0,0.0,,,,,7.44e-07,,5.58e-06,,,0.0,9.3e-06,,,,0.0,0.0,0.0,,0.0,,0.00936696,0.0,,,
2023-06-13,2023-06-13,,2.875055188,,,0.0,,,0.0333427505,,,,,,,,,0.0,,9.3e-07,0.2539582773,,,,0.0,0.0,,,,,7.44e-07,,5.58e-06,,,0.0,9.3e-06,,,,0.0,0.0,0.0,,0.0,,0.00964875,0.0,,,
2023-06-14,2023-06-14,,2.8894918173,,,0.0,,,0.0330530039,,,,,,,,,0.0,,4.65e-07,0.2485302038,,,,0.0,0.0,,,,,3.72e-07,,2.79e-06,,,0.0,4.65e-06,,,,0.0,0.0,0.0,,0.0,,0.00959574,0.0,,,
2023-06-15,2023-06-15,,2.8995845905,,,0.0,,,0.0342198005,,,,,,,,,0.0,,1.395e-06,0.2594210189,,,,0.0,0.0,,,,,1.116e-06,,8.37e-06,,,0.0,1.395e-05,,,,0.0,0.0,0.0,,0.0,,0.00971943,0.0,,,
2023-06-16,2023-06-16,,2.9094096738,,,0.0,,,0.03514418,,,,,,,,,0.0,,9.3e-07,0.2784722744,,,,0.0,0.0,,,,,7.44e-07,,5.58e-06,,,0.0,9.3e-06,,,,0.0,0.0,0.0,,0.0,,0.0098301,0.0,,,
2023-06-17,2023-06-17,,2.9366071031,,,0.0,,,0.0369183235,,,,,,,,,0.0,,4.65e-07,0.3000603965,,,,0.0,0.0,,,,,3.72e-07,,2.79e-06,,,0.0,4.65e-06,,,,0.0,0.0,0.0,,0.0,,0.01012212,0.0,,,
2023-06-18,2023-06-18,,2.9447758026,,,0.0,,,0.0365008331,,,,,,,,,0.0,,4.65e-07,0.2978665247,,,,0.0,0.0,,,,,3.72e-07,,2.79e-06,,,0.0,4.65e-06,,,,0.0,0.0,0.0,,0.0,,0.01004307,0.0,,,
2023-06-19,2023-06-19,,2.9711249058,,,0.0,,,0.0377415175,,,,,,,,,0.0,,7.905e-06,0.3002811289,,,,0.0,0.0,,,,,1.4136e-05,,1.395e-05,,,0.0,9.3e-06,,,,0.0,0.0,0.0,,0.0,,0.01026813,0.0,,,
2023-06-20,2023-06-20,,2.9864107959,,,0.0,,,0.0341848409,,,,,,,,,0.0,,1.395e-06,0.2584018413,,,,0.0,0.0,,,,,1.116e-06,,8.37e-06,,,0.0,9.3e-06,,,,0.0,0.0,0.0,,0.0,,0.00996123,0.0,,,
2023-06-21,2023-06-21,,2.999583486,,,0.0,,,0.0381684494,,,,,,,,,0.0,,1.395e-06,0.3131221555,,,,0.0,0.0,,,,,1.116e-06,,8.37e-06,,,0.0,9.3e-06,,,,0.0,0.0,0.0,,0.0,,0.01013049,0.0,,,
2023-06-22,2023-06-22,,2.9673056745,,,0.0,,,0.0357685799,,,,,,,,,0.0,,1.395e-06,0.2774441634,,,,0.0,0.0,,,,,0.000684852,,8.37e-06,,,0.0,9.3e-06,,,,0.0,0.0,0.0,,0.0,,0.00978639,0.0,,,
2023-06-23,2023-06-23,,2.97855781,,,0.0,,,0.0330653062,,,,,,,,,0.0,,9.3e-07,0.2474925659,,,,0.0,0.0,,,,,0.001450056,,5.58e-06,,,0.0,4.65e-06,,,,0.0,0.0,0.0,,0.0,,0.00965526,0.0,,,
2023-06-24,2023-06-24,,3.0046330671,,,0.0,,,0.0339426871,,,,,,,,,0.0,,9.3e-07,0.2612649393,,,,0.0,0.0,,,,,0.001448568,,5.58e-06,,,0.0,4.65e-06,,,,0.0,0.0,0.0,,0.0,,0.00964968,0.0,,,
2023-06-25,2023-06-25,,3.0174011791,,,0.0,,,0.036809539,,,,,,,,,0.0,,9.3e-07,0.2983973359,,,,0.0,0.0,,,,,0.00145266,,5.58e-06,,,0.0,4.65e-06,,,,0.0,0.0,0.0,,0.0,,0.01011375,0.0,,,
2023-06-26,2023-06-26,,3.0309024622,,,0.0,,,0.0418506376,,,,,,,,,0.0,,9.3e-07,0.3633066862,,,,0.0,0.0,,,,,0.001436292,,5.58e-06,,,0.0,4.65e-06,,,,0.0,0.0,0.0,,0.0,,0.01040019,0.0,,,
2023-06-27,2023-06-27,,3.0636181895,,,0.0,,,0.0404494225,,,,,,,,,0.0,,1.395e-06,0.3388719581,,,,0.0,0.0,,,,,0.001461216,,8.37e-06,,,0.0,9.3e-06,,,,0.0,0.0,0.0,,0.0,,0.01013049,0.0,,,
2023-06-28,2023-06-28,,3.0790502809,,,0.0,,,0.0399534865,,,,,,,,,0.0,,0.0002807372,0.3291572814,,,,0.0,0.0,,,,,0.001921008,,1.674e-05,,,0.0,1.395e-05,,,,0.0,0.0,0.0,,0.0,,0.0103602,0.0,,,
2023-06-29,2023-06-29,,3.0939906959,,,0.0,,,0.0382759233,,,,,,,,,0.0,,0.0003121708,0.3157847428,,,,0.0,0.0,,,,,0.001990572,,5.58e-06,,,0.0,4.65e-06,,,,0.0,0.0,0.0,,0.0,,0.01031928,0.0,,,
2023-06-30,2023-06-30,,3.1145780039,,,0.0,,,0.0378247739,,,,,,,,,0.0,,0.0003196896,0.2480766065,,,,0.0,0.0,,,,,0.002001732,,8.37e-06,,,0.0,9.3e-06,,,,0.0,0.0,0.0,,0.0,,0.01018629,0.0,,,
2023-07-01,2023-07-01,,3.1426740139,,,0.0,,,0.0388922259,,,,,,,,,0.0,,0.0003263481,0.107462674,,,,0.0,0.0,,,,,0.001989828,,5.58e-06,,,0.0,4.65e-06,,,,0.0,0.0,0.0,,0.0,,0.01027371,0.0,,,
2023-07-02,2023-07-02,,3.1702062086,,,0.0,,,0.0386049436,,,,,,,,,0.0,,0.0003263478,0.0,,,,0.0,0.0,,,,,0.002005452,,5.58e-06,,,0.0,4.65e-06,,,,0.0,0.0,0.0,,0.0,,0.01035462,0.0,,,
2023-07-03,2023-07-03,,3.1381500326,,,0.0,,,0.0380733985,,,,,,,,,0.0,,0.0003326492,0.2895261117,,,,0.0,0.0,,,,,0.000948228,,5.58e-06,,,0.0,4.65e-06,,,,0.0,0.0,0.0,,0.0,,0.01032951,0.0,,,
2023-07-04,2023-07-04,,2.9130831678,,,0.0,,,0.0378752825,,,,,,,,,0.0,,0.000340095,0.3046291988,,,,0.0,0.0,,,,,0.000220968,,5.58e-06,,,0.0,4.65e-06,,,,0.0,0.0,0.0,,0.0,,0.01042158,0.0,,,
2023-07-05,2023-07-05,,3.4111813876,,,0.0,,,0.0359693919,,,,,,,,,0.0,,0.0003378028,0.2856631993,,,,0.0,0.0,,,,,0.00021948,,5.58e-06,,,0.0,4.65e-06,,,,0.0,0.0,0.0,,0.0,,0.00998541,0.0,,,
2023-07-06,2023-07-06,,3.1733825157,,,0.0,,,0.0300280298,,,,,,,,,0.0,,0.0003319683,0.2060746368,,,,0.0,0.0,,,,,0.00021576,,8.37e-06,,,0.0,9.3e-06,,,,0.0,0.0,0.0,,0.0,,0.00947763,0.0,,,
2023-07-07,2023-07-07,,2.9471773751,,,0.0,,,0.0290623768,,,,,,,,,0.0,,0.000317575,0.1976669327,,,,0.0,0.0,,,,,0.000215388,,8.37e-06,,,0.0,9.3e-06,,,,0.0,0.0,0.0,,0.0,,0.00916236,0.0,,,
2023-07-08,2023-07-08,,3.4108359808,,,0.0,,,0.0275579039,,,,,,,,,0.0,,0.0003132686,0.1814593088,,,,0.0,0.0,,,,,0.000212412,,5.58e-06,,,0.0,4.65e-06,,,,0.0,0.0,0.0,,0.0,,0.00868806,0.0,,,
2023-07-09,2023-07-09,,3.1996666859,,,0.0,,,0.0269425221,,,,,,,,,0.0,,0.0003132689,0.1755041312,,,,0.0,0.0,,,,,0.000212412,,5.58e-06,,,0.0,4.65e-06,,,,0.0,0.0,0.0,,0.0,,0.00864807,0.0,,,
2023-07-10,2023-07-10,,2.9649674239,,,0.0,,,0.0276014829,,,,,,,,,0.0,,0.000323697,0.1819079879,,,,0.0,0.0,,,,,0.00021948,,5.58e-06,,,0.0,4.65e-06,,,,0.0,0.0,0.0,,0.0,,0.0088071,0.0,,,
2023-07-11,2023-07-11,,3.4453072274,,,0.0,,,0.0286798005,,,,,,,,,0.0,,0.0003202352,0.1895438237,,,,0.0,0.0,,,,,0.000217248,,1.116e-05,,,0.0,1.395e-05,,,,0.0,0.0,0.0,,0.0,,0.00886941,0.0,,,
2023-07-12,2023-07-12,,2.9798519451,,,0.0,,,0.0265602558,,,,,,,,,0.0,,0.0003313801,0.1850182335,,,,0.0,0.0,,,,,0.000224688,,5.58e-06,,,0.0,4.65e-06,,,,0.0,0.0,0.0,,0.0,,0.00878013,0.0,,,
2023-07-13,2023-07-13,,3.4519422388,,,0.0,,,0.0252816715,,,,,,,,,0.0,,0.0003406292,0.1682781531,,,,0.0,0.0,,,,,0.000231012,,8.37e-06,,,0.0,9.3e-06,,,,0.0,0.0,0.0,,0.0,,0.00828723,0.0,,,
2023-07-14,2023-07-14,,3.2199837253,,,0.0,,,0.0249463689,,,,,,,,,0.0,,0.000317659,0.1693099438,,,,0.0,0.0,,,,,0.000215388,,5.58e-06,,,0.0,4.65e-06,,,,0.0,0.0,0.0,,0.0,,0.00830676,0.0,,,
2023-07-15,2023-07-15,,3.2295374931,,,0.0,,,0.0243755774,,,,,,,,,0.0,,0.000316013,0.1657074672,,,,0.0,0.0,,,,,0.000214272,,5.58e-06,,,0.0,4.65e-06,,,,0.0,0.0,0.0,,0.0,,0.00819423,0.0,,,
2023-07-16,2023-07-16,,3.2345248495,,,0.0,,,0.0243700592,,,,,,,,,0.0,,0.0003143663,0.1659827205,,,,0.0,0.0,,,,,0.000213156,,5.58e-06,,,0.0,4.65e-06,,,,0.0,0.0,0.0,,0.0,,0.00820353,0.0,,,
2023-07-17,2023-07-17,,3.2448235092,,,0.0,,,0.0242688098,,,,,,,,,0.0,,0.0003154642,0.1427424413,,,,0.0,0.0,,,,,0.0002139,,5.58e-06,,,0.0,4.65e-06,,,,0.0,0.0,0.0,,0.0,,0.00822864,0.0,,,
2023-07-18,2023-07-18,,3.2504114227,,,0.0,,,0.0243391921,,,,,,,,,0.0,,0.000318208,0.1316193016,,,,0.0,0.0,,,,,0.00021576,,5.58e-06,,,0.0,4.65e-06,,,,0.0,0.0,0.0,,0.0,,0.00819795,0.0,,,
2023-07-19,2023-07-19,,3.2574027744,,,0.0,,,0.0266868757,,,,,,,,,0.0,,0.0003160126,0.1494432082,,,,0.0,0.0,,,,,0.000214272,,5.58e-06,,,0.0,4.65e-06,,,,0.0,0.0,0.0,,0.0,,0.008463,0.0,,,
2023-07-20,2023-07-20,,3.2603118537,,,0.0,,,0.024309568,,,,,,,,,0.0,,0.0003164779,0.1158814321,,,,0.0,0.0,,,,,0.000214644,,8.37e-06,,,0.0,9.3e-06,,,,0.0,0.0,0.0,,0.0,,0.00814401,0.0,,,
2023-07-21,2023-07-21,,3.2613170186,,,0.0,,,0.0245260955,,,,,,,,,0.0,,0.0003160131,0.1309820114,,,,0.0,0.0,,,,,0.000214272,,5.58e-06,,,0.0,4.65e-06,,,,0.0,0.0,0.0,,0.0,,0.00820725,0.0,,,
2023-07-22,2023-07-22,,3.2181010954,,,0.0,,,0.0244643354,,,,,,,,,0.0,,0.0003127199,0.1265994588,,,,0.0,0.0,,,,,0.00021204,,5.58e-06,,,0.0,4.65e-06,,,,0.0,0.0,0.0,,0.0,,0.00813564,0.0,,,
2023-07-23,2023-07-23,,3.2227486246,,,0.0,,,0.0242244381,,,,,,,,,0.0,,0.0003143668,0.1145587867,,,,0.0,0.0,,,,,0.000213156,,5.58e-06,,,0.0,4.65e-06,,,,0.0,0.0,0.0,,0.0,,0.00808077,0.0,,,
2023-07-24,2023-07-24,,3.226164328,,,0.0,,,0.0238508745,,,,,,,,,0.0,,0.0003138172,0.1194992098,,,,0.0,0.0,,,,,0.000212784,,5.58e-06,,,0.0,4.65e-06,,,,0.0,0.0,0.0,,0.0,,0.00805845,0.0,,,
2023-07-25,2023-07-25,,3.2334912456,,,0.0,,,0.0247440304,,,,,,,,,0.0,,0.0003149155,0.119571122,,,,0.0,0.0,,,,,0.000213528,,5.58e-06,,,0.0,4.65e-06,,,,0.0,0.0,0.0,,0.0,,0.00828816,0.0,,,
2023-07-26,2023-07-26,,3.241503169,,,0.0,,,0.0282827241,,,,,,,,,0.0,,0.0003186742,0.1516188526,,,,0.0,0.0,,,,,0.000216132,,8.37e-06,,,0.0,9.3e-06,,,,0.0,0.0,0.0,,0.0,,0.00878385,0.0,,,
2023-07-27,2023-07-27,,3.2398547885,,,0.0,,,0.0250753633,,,,,,,,,0.0,,0.000316562,0.1123747387,,,,0.0,0.0,,,,,0.000214644,,5.58e-06,,,0.0,4.65e-06,,,,0.0,0.0,0.0,,0.0,,0.00835512,0.0,,,
2023-07-28,2023-07-28,,3.2358898096,,,0.0,,,0.0252931151,,,,,,,,,0.0,,0.0003132682,0.1037560574,,,,0.0,0.0,,,,,0.000212412,,5.58e-06,,,0.0,4.65e-06,,,,0.0,0.0,0.0,,0.0,,0.00834768,0.0,,,
2023-07-29,2023-07-29,,3.2620414096,,,0.0,,,0.0279376411,,,,,,,,,0.0,,0.000314366,0.0,,,,0.0,0.0,,,,,0.000213156,,5.58e-06,,,0.0,4.65e-06,,,,0.0,0.0,0.0,,0.0,,0.00877548,0.0,,,
2023-07-30,2023-07-30,,3.2878020231,,,0.0,,,0.024414053,,,,,,,,,0.0,,0.0003110735,0.0,,,,0.0,0.0,,,,,0.000210924,,5.58e-06,,,0.0,4.65e-06,,,,0.0,0.0,0.0,,0.0,,0.00825096,0.0,,,
2023-07-31,2023-07-31,,3.2802723574,,,0.0,,,0.0249147568,,,,,,,,,0.0,,0.0003176595,0.0562028511,,,,0.0,0.0,,,,,0.000215388,,5.58e-06,,,0.0,4.65e-06,,,,0.0,0.0,0.0,,0.0,,0.00828723,0.0,,,
2023-08-01,2023-08-01,,3.4070670648,,,0.0,,,0.0266030746,,,,,,,,,0.0,,6.24435e-05,0.0698937181,,,,0.0,0.0,,,,,0.001994664,,5.58e-06,,,0.0,4.65e-06,,,,0.0,0.0,0.0,,0.0,,0.00858576,0.0,,,
2023-08-02,2023-08-02,,3.4200965637,,,0.0,,,0.0251175495,,,,,,,,,0.0,,0.0003240563,0.0346551203,,,,0.0,0.0,,,,,0.001663956,,5.58e-06,,,0.0,4.65e-06,,,,0.0,0.0,0.0,,0.0,,0.0082305,0.0,,,
2023-08-03,2023-08-03,,3.3594077453,,,0.0,,,0.0252832085,,,,,,,,,0.0,,0.0003302497,0.0434250792,,,,0.0,0.0,,,,,0.001580256,,8.37e-06,,,0.0,9.3e-06,,,,0.0,0.0,0.0,,0.0,,0.00829374,0.0,,,
2023-08-04,2023-08-04,,3.3311282502,,,0.0,,,0.0265918687,,,,,,,,,0.0,,0.0003315031,0.0698466758,,,,0.0,0.0,,,,,0.001650936,,5.58e-06,,,0.0,4.65e-06,,,,0.0,0.0,0.0,,0.0,,0.00844068,0.0,,,
2023-08-05,2023-08-05,,3.3560827895,,,0.0,,,0.0254115304,,,,,,,,,0.0,,0.000326348,-0.0,,,,0.0,0.0,,,,,0.001847352,,5.58e-06,,,0.0,4.65e-06,,,,0.0,0.0,0.0,,0.0,,0.00824352,0.0,,,
2023-08-06,2023-08-06,,3.3454371607,,,0.0,,,0.0249510377,,,,,,,,,0.0,,0.0003280664,-0.0,,,,0.0,0.0,,,,,0.002007312,,5.58e-06,,,0.0,4.65e-06,,,,0.0,0.0,0.0,,0.0,,0.00817098,0.0,,,
2023-08-07,2023-08-07,,3.0555966773,,,0.0,,,0.0274526704,,,,,,,,,0.0,,0.0003378035,0.0100325412,,,,0.0,0.0,,,,,0.001563888,,5.58e-06,,,0.0,4.65e-06,,,,0.0,0.0,0.0,,0.0,,0.00866202,0.0,,,
2023-08-08,2023-08-08,,3.6542591229,,,0.0,,,0.0292597295,,,,,,,,,0.0,,0.000319306,0.0,,,,0.0,0.0,,,,,0.001613364,,5.58e-06,,,0.0,4.65e-06,,,,0.0,0.0,0.0,,0.0,,0.00882105,0.0,,,
2023-08-09,2023-08-09,,3.3631870746,,,0.0,,,0.0313312637,,,,,,,,,0.0,,0.0003164781,0.0,,,,0.0,0.0,,,,,0.001499904,,8.37e-06,,,0.0,9.3e-06,,,,0.0,0.0,0.0,,0.0,,0.00899589,0.0,,,
2023-08-10,2023-08-10,,3.3532608822,,,0.0,,,0.0283498537,,,,,,,,,0.0,,0.000317111,0.0,,,,0.0,0.0,,,,,0.00152706,,5.58e-06,,,0.0,4.65e-06,,,,0.0,0.0,0.0,,0.0,,0.0087978,0.0,,,
2023-08-11,2023-08-11,,3.3747882958,,,0.0,,,0.0297387106,,,,,,,,,0.0,,0.0003165625,0.0,,,,0.0,0.0,,,,,0.001597368,,5.58e-06,,,0.0,4.65e-06,,,,0.0,0.0,0.0,,0.0,,0.00900147,0.0,,,
2023-08-12,2023-08-12,,3.3562668843,,,0.0,,,0.0265694235,,,,,,,,,0.0,,0.0003110737,-0.0,,,,0.0,0.0,,,,,0.002003964,,5.58e-06,,,0.0,4.65e-06,,,,0.0,0.0,0.0,,0.0,,0.00838209,0.0,,,
2023-08-13,2023-08-13,,3.3667857083,,,0.0,,,0.0238022373,,,,,,,,,0.0,,0.0003132693,0.0,,,,0.0,0.0,,,,,0.002021076,,5.58e-06,,,0.0,4.65e-06,,,,0.0,0.0,0.0,,0.0,,0.00796917,0.0,,,
2023-08-14,2023-08-14,,3.3634919839,,,0.0,,,0.0295022076,,,,,,,,,0.0,,0.0003127201,0.0,,,,0.0,0.0,,,,,0.001565004,,5.58e-06,,,0.0,4.65e-06,,,,0.0,0.0,0.0,,0.0,,0.00889638,0.0,,,
2023-08-15,2023-08-15,,3.3710777943,,,0.0,,,0.0315884042,,,,,,,,,0.0,,0.000313269,-0.0,,,,0.0,0.0,,,,,0.002016984,,5.58e-06,,,0.0,4.65e-06,,,,0.0,0.0,0.0,,0.0,,0.00912144,0.0,,,
2023-08-16,2023-08-16,,3.3750090636,,,0.0,,,0.0297790876,,,,,,,,,0.0,,0.0003154636,-0.0,,,,0.0,0.0,,,,,0.001721244,,5.58e-06,,,0.0,4.65e-06,,,,0.0,0.0,0.0,,0.0,,0.00888708,0.0,,,
2023-08-17,2023-08-17,,3.3835526604,,,0.0,,,0.0264830642,,,,,,,,,0.0,,0.0003138177,0.0,,,,0.0,0.0,,,,,0.001492092,,5.58e-06,,,0.0,4.65e-06,,,,0.0,0.0,0.0,,0.0,,0.00864714,0.0,,,
2023-08-18,2023-08-18,,3.3799703465,,,0.0,,,0.0286395785,,,,,,,,,0.0,,0.0003198547,0.0,,,,0.0,0.0,,,,,0.001461588,,5.58e-06,,,0.0,4.65e-06,,,,0.0,0.0,0.0,,0.0,,0.00895683,0.0,,,
2023-08-19,2023-08-19,,3.3738494766,,,0.0,,,0.025745127,,,,,,,,,0.0,,0.0003127196,0.0,,,,0.0,0.0,,,,,0.001765884,,5.58e-06,,,0.0,4.65e-06,,,,0.0,0.0,0.0,,0.0,,0.00833187,0.0,,,
2023-08-20,2023-08-20,,3.3590707165,,,0.0,,,0.0233692767,,,,,,,,,0.0,,0.0003127195,0.0,,,,0.0,0.0,,,,,0.002018844,,5.58e-06,,,0.0,4.65e-06,,,,0.0,0.0,0.0,,0.0,,0.00798219,0.0,,,
2023-08-21,2023-08-21,,3.3095173863,,,0.0,,,0.0253472519,,,,,,,,,0.0,,0.0003132685,0.0,,,,0.0,0.0,,,,,0.001538592,,5.58e-06,,,0.0,4.65e-06,,,,0.0,0.0,0.0,,0.0,,0.00836256,0.0,,,
2023-08-22,2023-08-22,,3.295852034,,,0.0,,,0.0300523166,,,,,,,,,0.0,,0.0003165617,0.0,,,,0.0,0.0,,,,,0.00146754,,5.58e-06,,,0.0,4.65e-06,,,,0.0,0.0,0.0,,0.0,,0.00893823,0.0,,,
2023-08-23,2023-08-23,,3.2941400984,,,0.0,,,0.0294356818,,,,,,,,,0.0,,0.0003280914,0.0,,,,0.0,0.0,,,,,0.001507716,,5.58e-06,,,0.0,4.65e-06,,,,0.0,0.0,0.0,,0.0,,0.00890382,0.0,,,
2023-08-24,2023-08-24,,3.2939855878,,,0.0,,,0.0254423121,,,,,,,,,0.0,,0.0003132684,0.0,,,,0.0,0.0,,,,,0.001349988,,5.58e-06,,,0.0,4.65e-06,,,,0.0,0.0,0.0,,0.0,,0.00831141,0.0,,,
2023-08-25,2023-08-25,,3.3057576589,,,0.0,,,0.028574079,,,,,,,,,0.0,,0.0003143663,0.00042687,,,,0.0,0.0,,,,,0.001397604,,5.58e-06,,,0.0,4.65e-06,,,,0.0,0.0,0.0,,0.0,,0.00886848,0.0,,,
2023-08-26,2023-08-26,,3.3048418814,,,0.0,,,0.0239862029,,,,,,,,,0.0,,0.0003160123,0.0,,,,0.0,0.0,,,,,0.001897572,,5.58e-06,,,0.0,4.65e-06,,,,0.0,0.0,0.0,,0.0,,0.0081003,0.0,,,
2023-08-27,2023-08-27,,3.2888695537,,,0.0,,,0.0282169462,,,,,,,,,0.0,,0.0003138174,-0.0,,,,0.0,0.0,,,,,0.001983132,,5.58e-06,,,0.0,4.65e-06,,,,0.0,0.0,0.0,,0.0,,0.00874014,0.0,,,
2023-08-28,2023-08-28,,3.2904385665,,,0.0,,,0.0262554556,,,,,,,,,0.0,,0.0003182082,0.003134472,,,,0.0,0.0,,,,,0.001598856,,5.58e-06,,,0.0,4.65e-06,,,,0.0,0.0,0.0,,0.0,,0.00842208,0.0,,,
2023-08-29,2023-08-29,,3.2833729797,,,0.0,,,0.0283509931,,,,,,,,,0.0,,0.0003121709,0.00360375,,,,0.0,0.0,,,,,0.001666188,,5.58e-06,,,0.0,4.65e-06,,,,0.0,0.0,0.0,,0.0,,0.00877362,0.0,,,
2023-08-30,2023-08-30,,3.2811240148,,,0.0,,,0.0291603958,,,,,,,,,0.0,,0.000318757,0.00251379,,,,0.0,0.0,,,,,0.001798248,,5.58e-06,,,0.0,4.65e-06,,,,0.0,0.0,0.0,,0.0,,0.00883314,0.0,,,
2023-08-31,2023-08-31,,3.2775535578,,,0.0,,,0.0291359114,,,,,,,,,0.0,,0.0003138173,0.0,,,,0.0,0.0,,,,,0.001655028,,5.58e-06,,,0.0,4.65e-06,,,,0.0,0.0,0.0,,0.0,,0.00880896,0.0,,,
2023-09-01,2023-09-01,,3.4820026827,,,0.0,,,0.0344008006,,,,,,,,,0.0,,6.24436e-05,0.0,,,,0.0,0.0,,,,,0.001684788,,5.58e-06,,,0.0,4.65e-06,,,,0.0,0.0,0.0,,0.0,,0.00929628,0.0,,,
2023-09-02,2023-09-02,,3.4305852494,,,0.0,,,0.043206185,,,,,,,,,0.0,,0.0003269208,0.0,,,,0.0,0.0,,,,,0.001840656,,5.58e-06,,,0.0,4.65e-06,,,,0.0,0.0,0.0,,0.0,,0.00973245,0.0,,,
2023-09-03,2023-09-03,,3.452629323,,,0.0,,,0.0455886064,,,,,,,,,0.0,,0.0003257751,0.0,,,,0.0,0.0,,,,,0.002019588,,5.58e-06,,,0.0,4.65e-06,,,,0.0,0.0,0.0,,0.0,,0.00991659,0.0,,,
2023-09-04,2023-09-04,,3.4646141668,,,0.0,,,0.0481515375,,,,,,,,,0.0,,0.0003269203,-0.0,,,,0.0,0.0,,,,,0.00140244,,5.58e-06,,,0.0,4.65e-06,,,,0.0,0.0,0.0,,0.0,,0.00998634,0.0,,,
2023-09-05,2023-09-05,,3.4773248716,,,0.0,,,0.0517556018,,,,,,,,,0.0,,0.0003182073,0.0,,,,0.0,0.0,,,,,0.00124062,,5.58e-06,,,0.0,4.65e-06,,,,0.0,0.0,0.0,,0.0,,0.01002726,0.0,,,
2023-09-06,2023-09-06,,3.4923117124,,,0.0,,,0.0285408281,,,,,,,,,0.0,,0.0003143669,-0.0,,,,0.0,0.0,,,,,0.001362264,,5.58e-06,,,0.0,4.65e-06,,,,0.0,0.0,0.0,,0.0,,0.0084909,0.0,,,
2023-09-07,2023-09-07,,3.4706874904,,,0.0,,,0.02290072,,,,,,,,,0.0,,0.0003138178,0.0,,,,0.0,0.0,,,,,0.001634196,,5.58e-06,,,0.0,4.65e-06,,,,0.0,0.0,0.0,,0.0,,0.00804543,0.0,,,
2023-09-08,2023-09-08,,3.469885042,,,0.0,,,0.0226623639,,,,,,,,,0.0,,0.0003132684,0.0,,,,0.0,0.0,,,,,0.001602948,,5.58e-06,,,0.0,4.65e-06,,,,0.0,0.0,0.0,,0.0,,0.0079701,0.0,,,
2023-09-09,2023-09-09,,3.4703221038,,,0.0,,,0.0222407998,,,,,,,,,0.0,,0.0003132685,0.0,,,,0.0,0.0,,,,,0.002015124,,5.58e-06,,,0.0,4.65e-06,,,,0.0,0.0,0.0,,0.0,,0.00783339,0.0,,,
2023-09-10,2023-09-10,,3.1964901596,,,0.0,,,0.0223341367,,,,,,,,,0.0,,0.0003132686,0.0,,,,0.0,0.0,,,,,0.002004708,,5.58e-06,,,0.0,4.65e-06,,,,0.0,0.0,0.0,,0.0,,0.00782595,0.0,,,
2023-09-11,2023-09-11,,3.7474167081,,,0.0,,,0.0227968026,,,,,,,,,0.0,,0.0003149155,0.0,,,,0.0,0.0,,,,,0.00196602,,5.58e-06,,,0.0,4.65e-06,,,,0.0,0.0,0.0,,0.0,,0.00799242,0.0,,,
2023-09-12,2023-09-12,,3.4499849801,,,0.0,,,0.02284946,,,,,,,,,0.0,,0.0003132687,0.0,,,,0.0,0.0,,,,,0.001965276,,5.58e-06,,,0.0,4.65e-06,,,,0.0,0.0,0.0,,0.0,,0.00803148,0.0,,,
2023-09-13,2023-09-13,,3.4539038718,,,0.0,,,0.0235323168,,,,,,,,,0.0,,0.0003335736,-0.0,,,,0.0,0.0,,,,,0.001737984,,5.58e-06,,,0.0,4.65e-06,,,,0.0,0.0,0.0,,0.0,,0.0081561,0.0,,,
2023-09-14,2023-09-14,,3.2252553085,,,0.00013485,,,0.1162670197,,,,,,,,,0.0,,0.003312358,0.0,,,,7.203e-07,0.0,,,,,0.005521224,,0.00147312,,,0.0,0.00014415,,,,0.1488,0.0,0.0,,7.759e-07,,0.01305999,0.0,,,
2023-09-15,2023-09-15,,3.5015361666,,,0.00018228,,,0.1753807934,,,,,,,,,0.0,,0.0053488458,0.0,,,,7.428e-07,0.0,,,,,0.008692152,,0.00228501,,,0.0,0.00017205,,,,0.3069,0.0,0.0,,1.0521e-06,,0.01662561,0.0,,,
2023-09-16,2023-09-16,,3.7577095263,,,0.00019158,,,0.1742881497,,,,,,,,,0.0,,0.0052124552,0.0,,,,9.739e-07,0.0,,,,,0.009765744,,0.00223758,,,0.0,0.00016275,,,,0.2976,0.0,0.0,,7.997e-07,,0.01631034,0.0,,,
2023-09-17,2023-09-17,,3.5025732696,,,0.00018786,,,0.172635855,,,,,,,,,0.0,,0.0051831318,0.0,,,,9.664e-07,0.0,,,,,0.011000412,,0.0012834,,,0.0,0.00028365,,,,0.1767,0.0,0.0,,1.0487e-06,,0.0160425,0.0,,,
2023-09-18,2023-09-18,,3.2510856753,,,0.00017577,,,0.1743554779,,,,,,,,,0.0,,0.005302208,-0.0,,,,7.368e-07,0.0,,,,,0.009370308,,0.00227943,,,0.0,0.00027435,,,,0.2883,0.0,0.0,,7.963e-07,,0.01639497,0.0,,,
2023-09-19,2023-09-19,,3.4612638737,,,0.00018042,,,0.1741873141,,,,,,,,,0.0,,0.005395288,0.0,,,,9.679e-07,0.0,,,,,0.010859424,,0.0022878,,,0.0,0.00030225,,,,0.2697,0.0,0.0,,1.0521e-06,,0.01637637,0.0,,,
2023-09-20,2023-09-20,,3.7059601745,,,0.00018135,,,0.1742065057,,,,,,,,,0.0,,0.0053530251,0.0,,,,7.308e-07,0.0,,,,,0.009158268,,0.00224037,,,0.0,0.00026505,,,,0.2604,0.001302,0.0,,7.827e-07,,0.01639311,0.0,,,
2023-09-21,2023-09-21,,3.450604579,,,0.00019344,,,0.1728375352,,,,,,,,,0.0,,0.0052429487,-0.0,,,,4.788e-07,0.0,,,,,0.008805984,,0.0022878,,,0.0,0.00026505,,,,0.2883,0.001302,0.0,,1.0402e-06,,0.0167958,0.0,,,
2023-09-22,2023-09-22,,3.4511401271,,,0.00020274,,,0.1739759409,,,,,,,,,0.0,,0.005160221,0.0,,,,9.724e-07,0.0,,,,,0.008793336,,0.0022878,,,0.0,0.00013485,,,,0.279,0.001302,0.0,,7.963e-07,,0.01637079,0.0,,,
2023-09-23,2023-09-23,,3.4504537939,,,0.00019437,,,0.1701440789,,,,,,,,,0.0,,0.005012346,0.0,,,,7.413e-07,0.0,,,,,0.010465104,,0.00227664,,,0.0,0.00027435,,,,0.3069,0.001302,0.0,,7.861e-07,,0.01589091,0.0,,,
2023-09-24,2023-09-24,,3.2019042286,,,0.00016647,,,0.1702063715,,,,,,,,,0.0,,0.0050445668,-0.0,,,,9.724e-07,0.0,,,,,0.010755264,,0.00229338,,,0.0,0.00027435,,,,0.2883,0.001302,0.0,,1.0504e-06,,0.01591695,0.0,,,
2023-09-25,2023-09-25,,4.5515587396,,,0.00020274,,,0.5504466104,,,,,,,,,0.0,,0.0052109562,0.0,,,,9.867e-07,1.109e-07,,,,,0.0085839,,0.00263097,,,0.0,0.00013485,,,,0.279,0.001302,0.0,,7.963e-07,,4.76854245,0.0,,,
2023-09-26,2023-09-26,,4.7477183965,,,0.0001953,,,0.7446034903,,,,,,,,,0.0,,0.0051110414,0.0,,,,7.383e-07,0.0,,,,,0.00851322,,0.00283464,,,0.0,0.00015345,,,,0.3069,0.001302,0.0,,1.0504e-06,,7.09804644,0.0,,,
2023-09-27,2023-09-27,,4.768115327,,,0.00017205,,,0.759365357,,,,,,,,,0.0,,0.0052245298,-0.0,,,,9.664e-07,0.0,,,,,0.008829048,,0.00269793,,,0.0,0.00021855,,,,0.2511,0.001302,0.0,,7.912e-07,,7.29092472,0.0,,,
2023-09-28,2023-09-28,,4.4923749059,,,0.00017298,,,0.7475614546,,,,,,,,,0.0,,0.0051763276,0.0,,,,9.604e-07,0.0,,,,,0.009553332,,0.00276489,,,0.0,0.00018135,,,,0.2046,0.001302,0.0,,1.0385e-06,,7.12854858,0.0,,,
2023-09-29,2023-09-29,,5.0419153007,,,0.00017856,,,0.7605468711,,,,,,,,,0.0,,0.0051049657,0.0,,,,9.649e-07,0.0,,,,,0.00881826,,0.00277605,,,0.0,0.00021855,,,,0.2418,0.001302,0.0,,1.0385e-06,,7.22382057,0.0,,,
2023-09-30,2023-09-30,,4.5178465708,,,0.00016368,,,0.7582221721,,,,,,,,,0.0,,0.0050404716,0.0,,,,7.323e-07,0.0,,,,,0.009338316,,0.00271467,,,0.0,0.00020925,,,,0.2418,0.000651,0.0,,7.827e-07,,7.25794227,0.0,,,
2023-10-01,2023-10-01,,5.0357515553,,,0.00012462,,,0.7516675007,,,,,,,,,0.0,,0.0051774589,0.0,,,,7.158e-07,0.0,,,,,0.010668216,,0.00272304,,,0.0,0.00021855,,,,0.2325,0.0,0.0,,7.793e-07,,7.22576613,0.0,,,
2023-10-02,2023-10-02,,4.5071741648,,,0.00011253,,,0.7715283771,,,,,,,,,0.0,,0.0053169432,0.0,,,,9.604e-07,0.0,,,,,0.010855332,,0.00262818,,,0.0,0.00017205,,,,0.2046,0.0,0.0,,1.0385e-06,,7.31739252,0.0,,,
2023-10-03,2023-10-03,,5.0373228576,,,9.021e-05,,,0.7815376734,,,,,,,,,0.0,,0.0054299137,0.0,,,,9.604e-07,0.0,,,,,0.008727492,,0.00246636,,,0.0,0.00020925,,,,0.2139,0.0,0.0,,7.827e-07,,7.41244689,0.0,,,
2023-10-04,2023-10-04,,4.7850831015,,,9.486e-05,,,0.7797267795,,,,,,,,,0.0,,0.0053663812,0.0,,,,7.308e-07,0.0,,,,,0.008742372,,0.00150102,,,0.0,0.00019065,,,,0.2325,0.0,0.0,,1.0385e-06,,7.36777341,0.0,,,
2023-10-05,2023-10-05,,4.8103341756,,,0.0001023,,,0.7908127302,,,,,,,,,0.0,,0.0053747254,0.0,,,,9.529e-07,0.0,,,,,0.0086397,,0.00265329,,,0.0,0.00016275,,,,0.1767,0.0,0.0,,1.0334e-06,,7.40114646,0.0,,,
2023-10-06,2023-10-06,,4.822788582,,,0.00011346,,,0.7969089355,,,,,,,,,0.0,,0.0052784981,0.0,,,,7.203e-07,0.0,,,,,0.008549304,,0.00298809,,,0.0,0.0001581,,,,0.1953,0.0,0.0,,7.793e-07,,7.467528,0.0,,,
2023-10-07,2023-10-07,,4.5258659288,,,0.00012183,,,0.7752409318,,,,,,,,,0.0,,0.0051198535,0.0,,,,9.589e-07,0.0,,,,,0.01025418,,0.00313875,,,0.0,0.0001953,,,,0.1581,0.001302,0.0,,1.0334e-06,,7.31600775,0.0,,,
2023-10-08,2023-10-08,,5.0612094169,,,9.3e-05,,,0.7770058629,,,,,,,,,0.0,,0.0049705224,-0.0,,,,7.308e-07,0.0,,,,,0.01061316,,0.00320571,,,0.0,0.0001953,,,,0.2046,0.001302,0.0,,7.827e-07,,7.39230867,0.0,,,
2023-10-09,2023-10-09,,4.8424247517,,,0.00011346,,,0.790493904,,,,,,,,,0.0,,0.0051125619,0.0,,,,9.589e-07,0.0,,,,,0.008660532,,0.00303552,,,0.0,0.000186,,,,0.186,0.001302,0.0,,1.0317e-06,,7.41313788,0.0,,,
2023-10-10,2023-10-10,,4.6343553958,,,0.00011253,,,0.8486036274,,,,,,,,,0.0,,0.0055210322,0.0,,,,7.218e-07,0.0,,,,,0.009074196,,0.00313875,,,0.0,0.0001767,,,,0.2046,0.000651,0.0,,7.81e-07,,8.04803772,0.0,,,
2023-10-11,2023-10-11,,5.2367984605,,,0.00014229,,,0.8904287076,,,,,,,,,0.0,,0.0056776483,0.0,,,,7.203e-07,0.0,,,,,0.009269868,,0.03224778,,,0.0,0.0001581,,,,0.2046,0.001302,0.0,,1.0317e-06,,8.65850274,0.0,,,
2023-10-12,2023-10-12,,4.9655579312,,,0.00014973,,,0.89192058,,,,,,,,,0.0,,0.0054293692,0.0,,,,9.574e-07,0.0,,,,,0.00911028,,0.05940102,,,0.0,0.00019995,,,,0.2232,0.001302,0.0,,7.81e-07,,8.55894159,0.0,,,
2023-10-13,2023-10-13,,5.0835827062,,,0.00019809,,,0.9857567607,,,,,,,,,0.0,,0.0057710034,0.0,,,,7.136e-07,5.72e-08,,,,,0.009341664,,0.06050307,,,0.0,0.00030225,,,,0.1953,0.001302,0.0,,9.735e-07,,9.8359962,0.0,,,
2023-10-14,2023-10-14,,5.1292306052,,,0.00018042,,,1.0217036035,,,,,,,,,0.0,,0.0058272587,0.0,,,,9.429e-07,7.84e-08,,,,,0.012260004,,0.06347442,,,0.0,0.00027435,,,,0.1767,0.001953,0.0,,7.329e-07,,10.58651457,0.0,,,
2023-10-15,2023-10-15,,5.138764987,,,0.00020274,,,1.0185033974,,,,,,,,,0.0,,0.0058387747,0.0,,,,7.162e-07,8.06e-08,,,,,0.01230018,,0.06362787,,,0.0,0.0002604,,,,0.2232,0.001302,0.0,,9.617e-07,,10.55729676,0.0,,,
2023-10-16,2023-10-16,,5.2062169781,,,0.00019809,,,1.0522374392,,,,,,,,,0.0,,0.0060039565,-0.0,,,,9.463e-07,7.94e-08,,,,,0.009650796,,0.06368088,,,0.0,0.00024645,,,,0.1674,0.001302,0.0,,7.329e-07,,10.71359256,0.0,,,
2023-10-17,2023-10-17,,4.9741017383,,,0.00019902,,,1.085417326,,,,,,,,,0.0,,0.0062844169,-0.0,,,,7.046e-07,8.96e-08,,,,,0.010222188,,0.0642891,,,0.0,0.00019065,,,,0.1674,0.001302,0.0,,9.586e-07,,11.14252716,0.0,,,
2023-10-18,2023-10-18,,5.4745842369,,,0.00019995,,,1.0868448709,,,,,,,,,0.0,,0.0062065484,0.0,,,,7.084e-07,8.92e-08,,,,,0.010082316,,0.06430584,,,0.0,0.00024645,,,,0.186,0.001302,0.0,,9.648e-07,,11.17057596,0.0,,,
2023-10-19,2023-10-19,,5.1411728863,,,0.0001674,,,1.0608701989,,,,,,,,,0.0,,0.0059737081,0.0,,,,7.158e-07,9.06e-08,,,,,0.009690228,,0.06349395,,,0.0,0.00024645,,,,0.1767,0.000651,0.0,,7.329e-07,,10.89582234,0.0,,,
2023-10-20,2023-10-20,,4.9423551945,,,0.0002046,,,0.9547593606,,,,,,,,,0.0,,0.0056331291,0.0,,,,9.425e-07,8.8e-08,,,,,0.009215928,,0.06193155,,,0.0,0.0001767,,,,0.2046,0.001302,0.0,,9.586e-07,,9.62836905,0.0,,,
2023-10-21,2023-10-21,,4.9148069688,,,0.00022227,,,0.9299684437,,,,,,,,,0.0,,0.0054421399,0.0,,,,7.044e-07,8.8e-08,,,,,0.009916032,,0.0614991,,,0.0,0.00019065,,,,0.1953,0.001302,0.0,,7.329e-07,,9.60089499,0.0,,,
2023-10-22,2023-10-22,,4.6367718882,,,0.00018228,,,0.9191085758,,,,,,,,,0.0,,0.0053133434,-0.0,,,,7.169e-07,8.58e-08,,,,,0.011214684,,0.05907738,,,0.0,0.00021855,,,,0.1674,0.001302,0.0,,7.329e-07,,9.46640769,0.0,,,
2023-10-23,2023-10-23,,4.9821347203,,,0.00017856,,,0.9470351451,,,,,,,,,0.0,,0.005536267,0.0,,,,7.083e-07,8.78e-08,,,,,0.009795132,,0.06042216,,,0.0,0.00033015,,,,0.1302,0.000651,0.0,,7.422e-07,,9.6461553,0.0,,,
2023-10-24,2023-10-24,,5.2323268153,,,0.00017112,,,0.9418356194,,,,,,,,,0.0,,0.0055040666,0.0,,,,9.309e-07,8.5e-08,,,,,0.011586312,,0.06187017,,,0.0,0.00021855,,,,0.1767,0.001302,0.0,,7.36e-07,,9.56713134,0.0,,,
2023-10-25,2023-10-25,,4.9704165042,,,0.00017205,,,0.9221168001,,,,,,,,,0.0,,0.0052456372,-0.0,,,,7.061e-07,7.1e-08,,,,,0.008510244,,0.05983626,,,0.0,0.00021855,,,,0.093,0.001302,0.0,,7.205e-07,,9.16563267,0.0,,,
2023-10-26,2023-10-26,,4.9600360297,,,0.00016461,,,0.9316064061,,,,,,,,,0.0,,0.0052915875,0.0,,,,6.934e-07,7.32e-08,,,,,0.008481228,,0.0560586,,,0.0,0.00024645,,,,0.1209,0.001302,0.0,,7.143e-07,,9.24657243,0.0,,,
2023-10-27,2023-10-27,,4.9918845204,,,0.00014136,,,0.9413893123,,,,,,,,,0.0,,0.0052515167,0.0,,,,9.349e-07,7.08e-08,,,,,0.008149404,,0.05769912,,,0.0,0.00024645,,,,0.1674,0.001302,0.0,,7.36e-07,,9.33647274,0.0,,,
2023-10-28,2023-10-28,,4.9203893755,,,0.00019623,,,0.918488293,,,,,,,,,0.0,,0.0050674108,-0.0,,,,7.251e-07,7.02e-08,,,,,0.010750428,,0.05990322,,,0.0,0.00021855,,,,0.2046,0.003906,0.0,,7.298e-07,,9.12059463,0.0,,,
2023-10-29,2023-10-29,,4.6744547101,,,0.00020925,,,0.9111183118,,,,,,,,,0.0,,0.0049586894,0.0,,,,7.029e-07,6.64e-08,,,,,0.010559964,,0.05932569,,,0.0,0.00021855,,,,0.2046,0.003906,0.0,,7.143e-07,,8.95635012,0.0,,,
2023-10-30,2023-10-30,,5.3070982033,,,0.00018507,,,0.9389093605,,,,,,,,,0.0,,0.005258111,0.00321129,,,,7.104e-07,6.96e-08,,,,,0.008355864,,0.05743128,,,0.0,0.0001767,,,,0.1767,0.003906,0.0,,7.143e-07,,9.15057504,0.0,,,
2023-10-31,2023-10-31,,5.0654762656,,,0.00020274,,,0.9418506789,,,,,,,,,0.0,,0.0052319051,0.0056451,,,,9.404e-07,6.66e-08,,,,,0.008474904,,0.07435359,,,0.0,0.0002883,,,,0.2046,0.003906,0.0,,7.329e-07,,9.18437031,0.0,,,
2023-11-01,2023-11-01,,5.3172686428,,,0.00014136,,,0.9509153686,,,,,,,,,0.0,,0.0054572668,-0.0,,,,7.048e-07,6.48e-08,,,,,0.008891916,,0.0920762016,,,0.0,0.0002604,,,,0.2232,0.0,0.0,,9.493e-07,,9.18177468,0.0,,,
2023-11-02,2023-11-02,,5.3135386494,,,0.0001488,,,0.9546143572,,,,,,,,,0.0,,0.0056101611,0.0,,,,9.369e-07,6.88e-08,,,,,0.010259016,,0.0940682616,,,0.0,0.0003162,,,,0.1674,0.0,0.0,,7.36e-07,,9.31849677,0.0,,,
2023-11-03,2023-11-03,,4.2433293663,,,0.00012183,,,0.474464887,,,,,,,,,0.0,,0.0057034274,0.005502066,,,,7.102e-07,7.44e-08,,,,,0.00893544,,0.0941547516,,,0.0,0.00027435,,,,0.1674,0.0,0.0,,4.824e-07,,2.7660246,0.0,,,
2023-11-04,2023-11-04,,3.8023480879,,,0.00013206,,,0.2672569457,,,,,,,,,0.0,,0.0052931325,-0.0,,,,7.028e-07,7.42e-08,,,,,0.010093848,,0.0943528416,,,0.0,0.00021855,,,,0.186,0.0,0.0,,7.515e-07,,0.02070738,0.0,,,
2023-11-05,2023-11-05,,3.8016897045,,,0.00012741,,,0.2765510485,,,,,,,,,0.0,,0.0052528158,0.0,,,,9.368e-07,7.5e-08,,,,,0.01109118,,0.0943109916,,,0.0,0.00027435,,,,0.1581,0.0,0.0,,7.174e-07,,0.0204786,0.0,,,
2023-11-06,2023-11-06,,3.7749879829,,,0.00014508,,,0.2764266922,,,,,,,,,0.0,,0.0055691346,0.007297896,,,,7.083e-07,7.38e-08,,,,,0.008824956,,0.0909825216,,,0.0,0.00027435,,,,0.1209,0.0,0.0,,9.555e-07,,0.02132118,0.0,,,
2023-11-07,2023-11-07,,3.7947992253,,,0.00015531,,,0.2757521951,,,,,,,,,0.0,,0.0056614156,0.008882244,,,,9.369e-07,7.04e-08,,,,,0.009123672,,0.0927932316,,,0.0,0.00027435,,,,0.1581,0.0,0.0,,7.453e-07,,0.02183268,0.0,,,
2023-11-08,2023-11-08,,3.8324750735,,,0.0001488,,,0.2800701689,,,,,,,,,0.0,,0.0054863675,0.009563004,,,,7.141e-07,7.26e-08,,,,,0.008961108,,0.0923021916,,,0.0,0.00024645,,,,0.2046,0.0,0.0,,9.617e-07,,0.02274873,0.0,,,
2023-11-09,2023-11-09,,3.8719526474,,,0.00016554,,,0.2754134151,,,,,,,,,0.0,,0.0054931057,0.009909708,,,,9.429e-07,7.16e-08,,,,,0.008929116,,0.0926342016,,,0.0,0.00027435,,,,0.1953,0.0,0.0,,9.617e-07,,0.02304726,0.0,,,
2023-11-10,2023-11-10,,5.077068588,,,0.00013113,,,0.8400574413,,,,,,,,,0.0,,0.0048176253,0.011898978,,,,9.41e-07,6.84e-08,,,,,0.2436269489,,0.0743513316,,,0.0,0.00027435,,,,0.1953,0.0,0.0,,7.391e-07,,8.49711426,0.0,,,
2023-11-11,2023-11-11,,7.0981419174,,,0.0002046,,,4.170407384,,,,,,,,,0.0,,0.0045749693,0.01050063,,,,9.41e-07,7.36e-08,,,,,0.3726015533,,0.0670136316,,,0.0,0.0002325,,,,0.2139,0.0,0.0,,9.555e-07,,92.9028522,0.0,,,
2023-11-12,2023-11-12,,8.1667902501,,,0.00021576,,,6.187616024,,,,,,,,,0.0,,0.0045423945,0.000610638,,,,7.139e-07,7.36e-08,,,,,0.387028428,,0.0670889616,,,0.0,0.00027435,,,,0.186,0.001302,0.0,,7.329e-07,,145.27503681,0.0,,,
2023-11-13,2023-11-13,,7.2326224238,,,0.00017391,,,5.7595605156,,,,,,,,,0.0,,0.0047237388,0.009349662,,,,4.712e-07,7.24e-08,,,,,0.311736,,0.0646811916,,,0.0,0.0002604,,,,0.1953,0.001302,0.0,,4.793e-07,,45.60364182,0.0,,,
2023-11-14,2023-11-14,,6.7580831837,,,0.00021297,,,5.4868764089,,,,,,,,,0.0,,0.0047176739,0.008300436,,,,9.391e-07,7.26e-08,,,,,0.269449272,,0.0672479916,,,0.0,0.0002604,,,,0.1953,0.001302,0.0,,9.524e-07,,0.03492429,0.0,,,
2023-11-15,2023-11-15,,5.0861087017,,,0.00021762,,,2.1928106962,,,,,,,,,0.0,,0.0053563986,0.1474099725,,,,9.391e-07,7.36e-08,,,,,0.322130437,,0.0826069416,,,0.0,0.0002883,,,,0.186,0.001302,0.0,,7.36e-07,,0.02764704,0.0,,,
2023-11-16,2023-11-16,,3.8093462683,,,0.00021204,,,0.2773169929,,,,,,,,,0.0,,0.0054282027,0.336718557,,,,7.211e-07,6.94e-08,,,,,0.010899228,,0.0930806016,,,0.0,0.00029295,,,,0.2232,0.001302,0.0,,9.586e-07,,0.02206518,0.0,,,
2023-11-17,2023-11-17,,4.3337753196,,,0.00021483,,,0.2750754484,,,,,,,,,0.0,,0.0053973365,0.4336610068,,,,9.408e-07,7e-08,,,,,0.011145492,,0.0947406516,,,0.0,0.00027435,,,,0.186,0.001302,0.0,,7.391e-07,,0.02167179,0.0,,,
2023-11-18,2023-11-18,,4.1299114116,,,0.00020739,,,0.2767566204,,,,,,,,,0.0,,0.005177835,0.5469728411,,,,9.428e-07,6.84e-08,,,,,0.01155432,,0.0933707616,,,0.0,0.0002604,,,,0.1953,0.001302,0.0,,9.586e-07,,0.02169876,0.0,,,
2023-11-19,2023-11-19,,4.1591108491,,,0.0002046,,,0.27932217,,,,,,,,,0.0,,0.0051764327,0.5529800015,,,,7.161e-07,7.12e-08,,,,,0.013471236,,0.0933205416,,,0.0,0.0002604,,,,0.2046,0.000651,0.0,,9.648e-07,,0.021855,0.0,,,
2023-11-20,2023-11-20,,3.9615910572,,,0.00020925,,,0.2815516856,,,,,,,,,0.0,,0.0053433603,0.4608025464,,,,9.429e-07,7.24e-08,,,,,0.01089774,,0.0939064416,,,0.0,0.00027435,,,,0.1767,0.001302,0.0,,7.329e-07,,0.02237022,0.0,,,
2023-11-21,2023-11-21,,4.2471056813,,,0.00020832,,,0.2781399188,,,,,,,,,0.0,,0.0053905232,0.3948490379,,,,9.391e-07,7.04e-08,,,,,0.011589288,,0.0946234716,,,0.0,0.00019065,,,,0.2046,0.002604,0.0,,9.586e-07,,0.0219015,0.0,,,
2023-11-22,2023-11-22,,4.557405107,,,0.00017763,,,0.2761190108,,,,,,,,,0.0,,0.0053562529,0.408069083,,,,7.139e-07,7.02e-08,,,,,0.011500008,,0.0943444716,,,0.0,0.00018135,,,,0.1953,0.002604,0.0,,7.391e-07,,0.0219201,0.0,,,
2023-11-23,2023-11-23,,4.32993126,,,0.0001953,,,0.2747155743,,,,,,,,,0.0,,0.0053337423,0.4200151355,,,,7.105e-07,6.9e-08,,,,,0.0118218078,,0.0940738416,,,0.0,0.00024645,,,,0.1953,0.002604,0.0,,9.524e-07,,0.02221305,0.0,,,
2023-11-24,2023-11-24,,4.3708105497,,,0.00020088,,,0.2716356782,,,,,,,,,0.0,,0.0053529287,0.4785187603,,,,9.41e-07,7.14e-08,,,,,0.011711304,,0.0942747216,,,0.0,0.00021855,,,,0.1674,0.003906,0.0,,9.648e-07,,0.02206797,0.0,,,
2023-11-25,2023-11-25,,4.1424077246,,,0.0001953,,,0.2386122124,,,,,,,,,0.0,,0.0051088676,0.1530669197,,,,9.387e-07,6.78e-08,,,,,0.013186284,,0.0917832516,,,0.0,0.0002604,,,,0.1488,0.003906,0.0,,7.36e-07,,0.01945932,0.0,,,
2023-11-26,2023-11-26,,4.6504341647,,,0.00022227,,,0.2506847892,,,,,,,,,0.0,,0.0051723933,0.1476748443,,,,7.161e-07,7.18e-08,,,,,0.013510668,,0.0926844216,,,0.0,0.0002883,,,,0.1953,0.003906,0.0,,9.586e-07,,0.01960533,0.0,,,
2023-11-27,2023-11-27,,4.4047756205,,,0.00019251,,,0.2552282092,,,,,,,,,0.0,,0.0053784929,0.1541326727,,,,9.444e-07,7.24e-08,,,,,0.012245868,,0.0945230316,,,0.0,0.000279,,,,0.1767,0.003906,0.0,,7.267e-07,,0.02023866,0.0,,,
2023-11-28,2023-11-28,,4.5967471413,,,0.00020646,,,0.4516226011,,,,,,,,,0.0,,0.0045552378,0.1621325597,,,,7.086e-07,7.38e-08,,,,,0.0971267204,,0.1121205955,,,0.0,0.0002604,,,,0.1953,0.003906,0.0,,9.586e-07,,2.61808671,0.0,,,
2023-11-29,2023-11-29,,4.6776330969,,,0.00018972,,,0.2466707232,,,,,,,,,0.0,,0.0062254263,0.1588905988,,,,9.41e-07,7.24e-08,,,,,0.020813772,,0.1282907124,,,0.0,0.00027435,,,,0.186,0.003906,0.0,,9.555e-07,,0.0206367,0.0,,,
2023-11-30,2023-11-30,,4.4217469547,,,0.0001953,,,0.2355074921,,,,,,,,,0.0,,0.0052587743,0.1555420514,,,,7.01e-07,6.54e-08,,,,,0.018232464,,0.1253807424,,,0.0,0.0002046,,,,0.1581,0.003906,0.0,,7.36e-07,,0.0204228,0.0,,,
2023-12-01,2023-12-01,,4.446754721,,,0.00015624,,,0.243336059,,,,,,,,,0.0,,0.005558323,0.0846839483,,,,7.143e-07,7.08e-08,,,,,0.0183336745,,0.12178647,,,0.0,0.00028365,,,,0.1953,0.0,0.0,,9.524e-07,,0.02060601,0.0,,,
2023-12-02,2023-12-02,,4.1213012147,,,0.00014508,,,0.2413362436,,,,,,,,,0.0,,0.0052943674,0.1523817443,,,,9.41e-07,7e-08,,,,,0.018702672,,0.1197693,,,0.0,0.00027435,,,,0.1674,0.0,0.0,,7.298e-07,,0.02045628,0.0,,,
2023-12-03,2023-12-03,,4.6233101058,,,0.00016461,,,0.2397100749,,,,,,,,,0.0,,0.0051967544,0.1511864541,,,,7.161e-07,6.84e-08,,,,,0.019882284,,0.12095505,,,0.0,0.00021855,,,,0.1116,0.0,0.0,,9.524e-07,,0.02025075,0.0,,,
2023-12-04,2023-12-04,,4.1316838042,,,0.00015531,,,0.244507609,,,,,,,,,0.0,,0.0053843307,0.1546778881,,,,9.41e-07,7.06e-08,,,,,0.018546432,,0.12302802,,,0.0,0.00027435,,,,0.1395,0.0,0.0,,7.298e-07,,0.02108496,0.0,,,
2023-12-05,2023-12-05,,4.3853025945,,,0.00012276,,,0.2552992246,,,,,,,,,0.0,,0.0054701339,0.1219780478,,,,4.712e-07,7.66e-08,,,,,0.018427392,,0.12331818,,,0.0,0.00017205,,,,0.1767,0.0,0.0,,9.555e-07,,0.02122911,0.0,,,
2023-12-06,2023-12-06,,5.860437622,,,0.00012741,,,0.8034751407,,,,,,,,,0.0,,0.001397598,0.1098273083,,,,9.391e-07,7.56e-08,,,,,0.2444490963,,0.11425905,,,0.0,0.00025575,,,,0.1023,0.0,0.0,,9.586e-07,,7.39189203,0.0,,,
2023-12-07,2023-12-07,,5.1594698491,,,0.00016461,,,0.6022723312,,,,,,,,,0.0,,5.19891e-05,0.120096042,,,,7.085e-07,7.56e-08,,,,,0.160441027,,0.13552443,,,0.0,0.00022785,,,,0.2046,0.0,0.0,,7.36e-07,,4.78239294,0.0,,,
2023-12-08,2023-12-08,,4.3936465364,,,0.00014229,,,0.252932168,,,,,,,,,0.0,,3.97487e-05,0.1571709185,,,,9.429e-07,7.82e-08,,,,,0.002460036,,0.09592875,,,0.0,0.0002604,,,,0.1767,0.0,0.0,,9.617e-07,,0.02133699,0.0,,,
2023-12-09,2023-12-09,,4.1498805857,,,0.00016647,,,0.2596226868,,,,,,,,,0.0,,5.0954e-05,0.1693380994,,,,7.143e-07,8.18e-08,,,,,0.004697244,,0.09417384,,,0.0,0.00024645,,,,0.1767,0.0,0.0,,7.267e-07,,0.02144952,0.0,,,
2023-12-10,2023-12-10,,4.6538128669,,,0.00015345,,,0.2591377941,,,,,,,,,0.0,,3.9743e-05,0.1559386336,,,,9.429e-07,8.14e-08,,,,,0.004751184,,0.09508059,,,0.0,0.00024645,,,,0.1581,0.0,0.0,,9.586e-07,,0.02146812,0.0,,,
2023-12-11,2023-12-11,,4.0978605788,,,0.0001767,,,0.2511638814,,,,,,,,,0.0,,3.22577e-05,0.1332173982,,,,9.389e-07,7.72e-08,,,,,0.002232744,,0.0955521,,,0.0,0.00013485,,,,0.1488,0.0,0.0,,7.329e-07,,0.02228001,0.0,,,
2023-12-12,2023-12-12,,3.6274899121,,,0.00018879,,,0.0643314973,,,,,,,,,0.0,,6.79462e-05,0.1354035164,,,,7.16e-07,8.24e-08,,,,,0.1266960183,,0.15504327,,,0.0,0.0002604,,,,0.1674,0.001302,0.0,,9.648e-07,,0.00545631,0.0,,,
2023-12-13,2023-12-13,,4.2202937033,,,0.00020646,,,0.0138069277,,,,,,,,,0.0,,4.17668e-05,0.1449456133,,,,4.712e-07,7.48e-08,,,,,0.1775920817,,0.2403877,,,0.0,0.00027435,,,,0.2139,0.001302,0.0,,7.298e-07,,0.0,0.0,,,
2023-12-14,2023-12-14,,3.8545740679,,,0.00020367,,,0.0123044196,,,,,,,,,0.0,,4.81734e-05,0.1310912907,,,,9.391e-07,7.18e-08,,,,,0.1756729234,,0.25399254,,,0.0,0.00027435,,,,0.1953,0.001302,0.0,,9.586e-07,,0.0,0.0,,,
2023-12-15,2023-12-15,,2.4510591438,,,0.00016647,,,0.3128062343,,,,,,,,,0.0,,0.0364987951,0.118745609,,,,7.141e-07,7.2e-08,,,,,0.234675456,,0.54829011,,,0.0,0.0002046,,,,0.1767,0.000651,0.0,,7.329e-07,,0.02604,0.0,,,
2023-12-16,2023-12-16,,2.6780963697,,,0.00017112,,,0.5574764175,,,,,,,,,0.0,,0.0070760857,0.1114819011,,,,9.372e-07,7.44e-08,,,,,0.612028164,,1.10856396,,,0.0,0.0002325,,,,0.1767,0.001302,0.0,,9.524e-07,,0.0276396,0.0,,,
2023-12-17,2023-12-17,,2.2591189177,,,0.00017763,,,0.2555511568,,,,,,,,,0.0,,0.0052257205,0.022840875,,,,7.085e-07,7.68e-08,,,,,0.042469752,,0.15299175,,,0.0,0.0002604,,,,0.1488,0.002604,0.0,,7.236e-07,,0.02063019,0.0,,,
2023-12-18,2023-12-18,,3.4226389221,,,0.00016833,,,0.7782919446,,,,,,,,,0.0,,0.0056055372,0.113832359,,,,9.391e-07,7.94e-08,,,,,0.277297356,,0.15477177,,,0.0,0.0001209,,,,0.1581,0.002604,0.0,,9.493e-07,,7.05806202,0.0,,,
2023-12-19,2023-12-19,,3.6727060545,,,0.00014787,,,1.0077757709,,,,,,,,,0.0,,0.0056193707,0.1255399405,,,,7.122e-07,8e-08,,,,,0.380956272,,0.15496149,,,0.0,0.0002325,,,,0.1674,0.002604,0.0,,7.236e-07,,10.02841134,0.0,,,
2023-12-20,2023-12-20,,4.1376151052,,,0.00019902,,,0.2213298359,,,,,,,,,0.0,,0.0013355711,0.1210376352,,,,9.353e-07,7.46e-08,,,,,0.1937169977,,0.16837023,,,0.0,0.00021855,,,,0.1674,0.003906,0.0,,7.236e-07,,2.13424305,0.0,,,
2023-12-21,2023-12-21,,3.9627185835,,,0.00018042,,,0.0120000802,,,,,,,,,0.0,,0.0001194174,0.1250103552,,,,7.086e-07,7.64e-08,,,,,0.1973379932,,0.37867206,,,0.0,0.0002325,,,,0.1488,0.003906,0.0,,9.524e-07,,0.0,0.0,,,
2023-12-22,2023-12-22,,4.0149153268,,,0.00019623,,,0.0120222115,,,,,,,,,0.0,,0.0001440107,0.1258700078,,,,9.372e-07,7.62e-08,,,,,0.4827722243,,0.87206961,,,0.0,0.0002325,,,,0.1581,0.003906,0.0,,9.524e-07,,0.0,0.0,,,
2023-12-23,2023-12-23,,4.0046811404,,,0.0001953,,,0.0114726583,,,,,,,,,0.0,,4.20866e-05,0.1061853508,,,,7.086e-07,7.7e-08,,,,,0.598546884,,0.94765629,,,0.0,0.00021855,,,,0.1674,0.003906,0.0,,7.267e-07,,0.0,0.0,,,
2023-12-24,2023-12-24,,3.9877394423,,,0.00018507,,,0.0111700548,,,,,,,,,0.0,,4.16087e-05,0.0905780841,,,,9.334e-07,7.56e-08,,,,,0.593917344,,0.93862506,,,0.0,0.0002325,,,,0.1674,0.003906,0.0,,9.524e-07,,0.0,0.0,,,
2023-12-25,2023-12-25,,4.0042480884,,,0.00018321,,,0.0112018519,,,,,,,,,0.0,,4.06786e-05,0.1113855245,,,,7.122e-07,7.82e-08,,,,,0.595781436,,0.94377819,,,0.0,0.00019065,,,,0.1674,0.003906,0.0,,7.236e-07,,0.0,0.0,,,
2023-12-26,2023-12-26,,4.0295591737,,,0.00020367,,,0.0113396178,,,,,,,,,0.0,,4.53539e-05,0.1148178447,,,,9.371e-07,7.94e-08,,,,,0.545228868,,0.9509178,,,0.0,0.00016275,,,,0.1674,0.003906,0.0,,9.524e-07,,0.0,0.0,,,
2023-12-27,2023-12-27,,4.0613685986,,,0.00018507,,,0.0116548349,,,,,,,,,0.0,,4.16087e-05,0.1215798323,,,,7.103e-07,8.02e-08,,,,,0.550599432,,0.96515796,,,0.0,0.0002325,,,,0.0744,0.003906,0.0,,7.267e-07,,0.0,0.0,,,
2023-12-28,2023-12-28,,4.100883381,,,0.00016554,,,0.0109606727,,,,,,,,,0.0,,4.48826e-05,0.1062061137,,,,9.334e-07,8.06e-08,,,,,0.543578304,,0.96159792,,,0.0,0.0002139,,,,0.1674,0.001953,0.0,,7.236e-07,,0.0,0.0,,,
2023-12-29,2023-12-29,,3.7440591743,,,0.00018135,,,0.0109994565,,,,,,,,,0.0,,4.39401e-05,0.1006930437,,,,9.353e-07,7.72e-08,,,,,0.533327844,,0.95528973,,,0.0,0.00024645,,,,0.1674,0.003906,0.0,,7.081e-07,,0.0,0.0,,,
2023-12-30,2023-12-30,,4.0223719103,,,0.00013485,,,0.0109939538,,,,,,,,,0.0,,3.74102e-05,0.001549194,,,,7.103e-07,7.74e-08,,,,,0.537121872,,0.93814518,,,0.0,0.00024645,,,,0.1581,0.003906,0.0,,7.174e-07,,0.0,0.0,,,
2023-12-31,2023-12-31,,4.2928817764,,,0.00017949,,,0.0107899394,,,,,,,,,0.0,,4.39457e-05,0.002027028,,,,7.085e-07,7.56e-08,,,,,0.575892456,,0.92831322,,,0.0,0.00021855,,,,0.1488,0.003906,0.0,,9.462e-07,,0.0,0.0,,,
2024-01-01,2024-01-01,,6.2685277795,,,0.00012741,,,0.0111743355,,,,,,,,,0.0,,3.73918e-05,0.0676549635,,,,9.389e-07,7.58e-08,,,,,0.541589592,,0.927984,,,0.0,0.0002046,,,,0.1767,0.0,0.0,,7.205e-07,,0.0,0.0,,,
2024-01-02,2024-01-02,,5.907685869,,,0.00014415,,,0.0113021911,,,,,,,,,0.0,,4.16141e-05,0.1051293924,,,,7.086e-07,7.68e-08,,,,,0.541784148,,0.95848986,,,0.0,0.0001767,,,,0.1581,0.0,0.0,,9.493e-07,,0.0,0.0,,,
2024-01-03,2024-01-03,,6.5923108272,,,0.00013392,,,0.0117529794,,,,,,,,,0.0,,3.97541e-05,0.1031821387,,,,9.353e-07,7.98e-08,,,,,0.547229112,,0.97375116,,,0.0,0.00024645,,,,0.1581,0.0,0.0,,7.236e-07,,0.0,0.0,,,
2024-01-04,2024-01-04,,6.3121731849,,,0.00015903,,,0.011267634,,,,,,,,,0.0,,7.62331e-05,0.0980074834,,,,9.658e-07,7.6e-08,,,,,0.563318112,,1.00266951,,,0.0,0.0004278,,,,0.3255,0.0,0.0,,9.958e-07,,0.0,0.0,,,
2024-01-05,2024-01-05,,6.3336826765,,,0.00021018,,,0.0120265313,,,,,,,,,0.0,,8.60294e-05,0.1160021346,,,,7.444e-07,7.96e-08,,,,,0.57872784,,1.01237871,,,0.0,0.0004836,,,,0.3627,0.0,0.0,,1.0175e-06,,0.0,0.0,,,
2024-01-06,2024-01-06,,6.2807040542,,,0.00020274,,,0.0117480657,,,,,,,,,0.0,,8.60363e-05,0.003566922,,,,9.764e-07,7.8e-08,,,,,0.58917174,,0.97903821,,,0.0,0.0002604,,,,0.3813,0.0,0.0,,7.515e-07,,0.0,0.0,,,
2024-01-07,2024-01-07,,6.2490936836,,,0.00021669,,,0.0115627778,,,,,,,,,0.0,,5.0035e-05,0.00334335,,,,9.728e-07,7.62e-08,,,,,0.603861648,,0.96702726,,,0.0,0.00052545,,,,0.372,0.0,0.0,,7.67e-07,,0.0,0.0,,,
2024-01-08,2024-01-08,,6.3120550506,,,0.00018879,,,0.0136127993,,,,,,,,,0.0,,8.50883e-05,0.1336015579,,,,9.694e-07,7.72e-08,,,,,0.5668815,,1.00845876,,,0.0,0.0004836,,,,0.3534,0.0,0.0,,1.0082e-06,,0.0,0.0,,,
2024-01-09,2024-01-09,,5.977326894,,,0.00021669,,,0.0243295336,,,,,,,,,0.0,,8.695e-05,0.2886049923,,,,9.711e-07,7.86e-08,,,,,0.574307736,,1.01759043,,,0.0,0.00049755,,,,0.3627,0.0,0.0,,1.0113e-06,,0.0,0.0,,,
2024-01-10,2024-01-10,,6.6513693421,,,0.0002697,,,0.0359281707,,,,,,,,,0.0,,8.36751e-05,0.3965203366,,,,7.412e-07,7.36e-08,,,,,0.5756886,,1.01775225,,,0.0,0.00046965,,,,0.2046,0.0,0.0,,1.0082e-06,,0.0,0.0,,,
2024-01-11,2024-01-11,,6.3607118709,,,0.00029853,,,0.0367752414,,,,,,,,,0.0,,4.20809e-05,0.3742856303,,,,7.133e-07,7.54e-08,,,,,0.564758124,,1.00823556,,,0.0,0.0004836,,,,0.186,0.0,0.0,,5.01e-07,,0.0,0.0,,,
2024-01-12,2024-01-12,,6.4030222533,,,0.00030318,,,0.0368150051,,,,,,,,,0.0,,8.60015e-05,0.3869919051,,,,9.677e-07,7.4e-08,,,,,0.561887028,,1.00141122,,,0.0,0.00046965,,,,0.3348,0.001302,0.0,,7.329e-07,,0.0,0.0,,,
2024-01-13,2024-01-13,,6.2962369258,,,0.00029016,,,0.0373115153,,,,,,,,,0.0,,8.18264e-05,0.1206102759,,,,9.694e-07,7.48e-08,,,,,0.601654944,,0.96881844,,,0.0,0.0004836,,,,0.3441,0.001302,0.0,,7.856e-07,,0.0,0.0,,,
2024-01-14,2024-01-14,,6.3140309184,,,0.00030411,,,0.0364261912,,,,,,,,,0.0,,8.60183e-05,0.014978394,,,,9.677e-07,7.5e-08,,,,,0.601676148,,0.96619026,,,0.0,0.0004557,,,,0.3534,0.001302,0.0,,1.002e-06,,0.0,0.0,,,
2024-01-15,2024-01-15,,6.439178364,,,0.00032085,,,0.0424471335,,,,,,,,,0.0,,8.88338e-05,0.4437437275,,,,9.728e-07,7.74e-08,,,,,0.578601732,,1.00237377,,,0.0,0.00049755,,,,0.3627,0.002604,0.0,,1.0144e-06,,0.0,0.0,,,
2024-01-16,2024-01-16,,6.5342325168,,,0.00025761,,,0.0459608942,,,,,,,,,0.0,,8.18081e-05,0.485481624,,,,7.393e-07,7.44e-08,,,,,0.572092104,,1.01601129,,,0.0,0.00046965,,,,0.372,0.002604,0.0,,7.763e-07,,0.0,0.0,,,
2024-01-17,2024-01-17,,6.2434457204,,,0.00013113,,,0.0438678449,,,,,,,,,0.0,,5.2367e-05,0.4690387423,,,,9.408e-07,7.12e-08,,,,,0.606063144,,1.08792633,,,0.0,0.00024645,,,,0.1302,0.003906,0.0,,9.617e-07,,0.0,0.0,,,
2024-01-18,2024-01-18,,6.9530633204,,,0.00018135,,,0.044647508,,,,,,,,,0.0,,4.30166e-05,0.4434671266,,,,7.067e-07,7.02e-08,,,,,0.67253136,,1.23812598,,,0.0,0.0002046,,,,0.1581,0.001953,0.0,,9.493e-07,,0.0,0.0,,,
2024-01-19,2024-01-19,,6.2986580723,,,0.00018321,,,0.0465977142,,,,,,,,,0.0,,4.11533e-05,0.4663496037,,,,6.972e-07,7.14e-08,,,,,0.593223936,,1.06390722,,,0.0,0.0002046,,,,0.1674,0.003906,0.0,,4.824e-07,,0.0,0.0,,,
2024-01-20,2024-01-20,,6.9031455554,,,0.00025575,,,0.0475853594,,,,,,,,,0.0,,6.40552e-05,0.1434016067,,,,7.247e-07,7.38e-08,,,,,0.599199744,,1.03504188,,,0.0,0.0003441,,,,0.2604,0.003906,0.0,,9.803e-07,,0.0,0.0,,,
2024-01-21,2024-01-21,,6.2785086907,,,0.00030132,,,0.0470093692,,,,,,,,,0.0,,8.83608e-05,0.022573146,,,,9.694e-07,7.26e-08,,,,,0.639912168,,1.03311399,,,0.0,0.0004836,,,,0.3627,0.003906,0.0,,1.0082e-06,,0.0,0.0,,,
2024-01-22,2024-01-22,,6.9554869795,,,0.00016554,,,0.0392484664,,,,,,,,,0.0,,5.7041e-05,0.4117249103,,,,4.833e-07,7.18e-08,,,,,0.610402896,,1.02727173,,,0.0,0.00030225,,,,0.2232,0.001953,0.0,,2.784e-07,,0.0,0.0,,,
2024-01-23,2024-01-23,,6.3750509304,,,0.00027249,,,0.0414541165,,,,,,,,,0.0,,7.57424e-05,0.4247890335,,,,9.635e-07,8.1e-08,,,,,0.594983496,,1.0548453,,,0.0,0.00044175,,,,0.2883,0.003906,0.0,,9.989e-07,,0.0,0.0,,,
2024-01-24,2024-01-24,,7.1130061688,,,0.00028458,,,0.0388505529,,,,,,,,,0.0,,8.50932e-05,0.4102360738,,,,4.878e-07,8.62e-08,,,,,0.615661488,,1.08686334,,,0.0,0.00046965,,,,0.3162,0.003906,0.0,,7.825e-07,,0.0,0.0,,,
2024-01-25,2024-01-25,,6.7470494628,,,0.0001581,,,0.036715521,,,,,,,,,0.0,,8.83608e-05,0.4267395009,,,,7.205e-07,8.02e-08,,,,,0.616678536,,1.07883651,,,0.0,0.00049755,,,,0.3255,0.003906,0.0,,1.0082e-06,,0.0,0.0,,,
2024-01-26,2024-01-26,,6.7614773479,,,0.00026877,,,0.0326640188,,,,,,,,,0.0,,8.18256e-05,0.389236968,,,,9.605e-07,8.03e-08,,,,,0.662964264,,1.06646844,,,0.0,0.0004557,,,,0.3069,0.003906,0.0,,1.0082e-06,,0.0,0.0,,,
2024-01-27,2024-01-27,,6.7573369945,,,0.00024552,,,0.0405624489,,,,,,,,,0.0,,8.36856e-05,0.014141022,,,,9.677e-07,8.08e-08,,,,,0.638898468,,1.04262789,,,0.0,0.0004557,,,,0.2976,0.003906,0.0,,1.0082e-06,,0.0,0.0,,,
2024-01-28,2024-01-28,,6.8050945174,,,0.00029667,,,0.0419685233,,,,,,,,,0.0,,4.67605e-05,0.01470144,,,,9.694e-07,8.24e-08,,,,,0.641035608,,1.03120563,,,0.0,0.0004557,,,,0.3162,0.003906,0.0,,7.794e-07,,0.0,0.0,,,
2024-01-29,2024-01-29,,6.952287404,,,0.00027621,,,0.0338509286,,,,,,,,,0.0,,4.16077e-05,0.3703111035,,,,7.364e-07,7.98e-08,,,,,0.622835508,,1.08482664,,,0.0,0.0004278,,,,0.1953,0.003906,0.0,,9.989e-07,,0.0,0.0,,,
2024-01-30,2024-01-30,,7.0279134151,,,0.00022227,,,0.0179113495,,,,,,,,,0.0,,5.74868e-05,0.1982171304,,,,9.459e-07,8.58e-08,,,,,0.630670944,,1.09619868,,,0.0,0.0003162,,,,0.0093,0.003906,0.0,,9.741e-07,,0.0,0.0,,,
2024-01-31,2024-01-31,,7.1309841305,,,0.00030969,,,0.0188474436,,,,,,,,,0.0,,9.11634e-05,0.2102850101,,,,9.728e-07,8.62e-08,,,,,0.633394728,,1.10416134,,,0.0,0.0005115,,,,0.0093,0.003906,0.0,,7.701e-07,,0.0,0.0,,,
2024-02-01,2024-02-01,,7.5564378942,,,0.00017856,,,0.0209366912,,,,,,,,,0.0,,7.20035e-05,0.1679838205,,,,7.302e-07,5.18e-08,,,,,0.590742696,,1.0368114624,,,0.0,0.0003162,,,,0.0093,0.001302,0.0,,9.865e-07,,0.0,0.0,,,
2024-02-02,2024-02-02,,7.5301294653,,,0.00018414,,,0.0183242585,,,,,,,,,0.0,,8.13543e-05,0.2472173789,,,,9.677e-07,4.26e-08,,,,,0.589429908,,1.0295658324,,,0.0,0.0004836,,,,0.0093,0.001302,0.0,,1.0051e-06,,0.0,0.0,,,
2024-02-03,2024-02-03,,7.4800068211,,,0.00019716,,,0.0139234335,,,,,,,,,0.0,,8.13543e-05,0.2078796138,,,,9.66e-07,4.26e-08,,,,,0.574905168,,0.9863403624,,,0.0,0.00046965,,,,0.0093,0.001302,0.0,,1.0051e-06,,0.0,0.0,,,
2024-02-04,2024-02-04,,7.4790529375,,,0.0001953,,,0.0126305138,,,,,,,,,0.0,,8.4164e-05,0.1497389812,,,,9.66e-07,3.9e-08,,,,,0.598883916,,0.9762433524,,,0.0,0.0003999,,,,0.0093,0.001302,0.0,,1.0051e-06,,0.0,0.0,,,
2024-02-05,2024-02-05,,7.5962658947,,,0.00013764,,,0.013953836,,,,,,,,,0.0,,4.16087e-05,0.1631809981,,,,7.12e-07,3.84e-08,,,,,0.573714024,,1.0036076724,,,0.0,0.00021855,,,,0.0093,0.001302,0.0,,7.298e-07,,0.0,0.0,,,
2024-02-06,2024-02-06,,7.7195401403,,,0.00015252,,,0.013971799,,,,,,,,,0.0,,5.56345e-05,0.1632743122,,,,9.501e-07,3.96e-08,,,,,0.581919972,,1.0089784224,,,0.0,0.00033015,,,,0.0093,0.001302,0.0,,9.772e-07,,0.0,0.0,,,
2024-02-07,2024-02-07,,7.810996457,,,0.00020181,,,0.0144866722,,,,,,,,,0.0,,8.83616e-05,0.1764349056,,,,7.427e-07,3.98e-08,,,,,0.580453176,,1.0154010024,,,0.0,0.0004836,,,,0.0093,0.001302,0.0,,7.825e-07,,0.0,0.0,,,
2024-02-08,2024-02-08,,7.5194978396,,,0.0002883,,,0.0145991289,,,,,,,,,0.0,,8.69666e-05,0.1942992087,,,,9.694e-07,3.96e-08,,,,,0.584604324,,1.0195525224,,,0.0,0.00048825,,,,0.0093,0.001302,0.0,,1.0113e-06,,0.0,0.0,,,
2024-02-09,2024-02-09,,8.1965015232,,,0.00029853,,,0.0137954967,,,,,,,,,0.0,,8.6489e-05,0.2074106432,,,,9.694e-07,3.88e-08,,,,,0.57798942,,1.0042549524,,,0.0,0.00049755,,,,0.0093,0.001302,0.0,,1.0051e-06,,0.0,0.0,,,
2024-02-10,2024-02-10,,7.7374426149,,,0.0001581,,,0.0119148853,,,,,,,,,0.0,,3.60035e-05,0.1774155758,,,,9.315e-07,3.72e-08,,,,,0.584400468,,0.9540628524,,,0.0,0.0001767,,,,0.0093,0.001302,0.0,,7.174e-07,,0.0,0.0,,,
2024-02-11,2024-02-11,,7.7650984904,,,0.00024738,,,0.0111623223,,,,,,,,,0.0,,6.54667e-05,0.1663750904,,,,7.245e-07,4.06e-08,,,,,0.588493956,,0.9602259624,,,0.0,0.0003441,,,,0.0093,0.002604,0.0,,9.803e-07,,0.0,0.0,,,
2024-02-12,2024-02-12,,7.8480740841,,,0.00030411,,,0.0115098701,,,,,,,,,0.0,,8.74316e-05,0.1715957311,,,,9.711e-07,3.72e-08,,,,,0.5724429,,0.9898641324,,,0.0,0.00049755,,,,0.0093,0.002604,0.0,,1.0144e-06,,0.0,0.0,,,
2024-02-13,2024-02-13,,7.8752964595,,,0.0002697,,,0.0163368588,,,,,,,,,0.0,,7.90112e-05,0.2474160884,,,,7.41e-07,3.6e-08,,,,,0.590331264,,0.9927434124,,,0.0,0.0004557,,,,0.0186,0.003906,0.0,,7.858e-07,,0.0,0.0,,,
2024-02-14,2024-02-14,,7.6338206489,,,0.00020274,,,0.0168519655,,,,,,,,,0.0,,5.70422e-05,0.2554298349,,,,9.461e-07,3.7e-08,,,,,0.568355364,,0.9886951224,,,0.0,0.0003162,,,,0.0,0.003906,0.0,,9.71e-07,,0.0,0.0,,,
2024-02-15,2024-02-15,,8.2148038091,,,0.00021297,,,0.0116380749,,,,,,,,,0.0,,5.47046e-05,0.1734432412,,,,9.461e-07,4.4e-08,,,,,0.578434332,,1.0124101224,,,0.0,0.0002883,,,,0.0093,0.003906,0.0,,7.391e-07,,0.0,0.0,,,
2024-02-16,2024-02-16,,7.9289397685,,,0.00026505,,,0.0120360078,,,,,,,,,0.0,,7.4801e-05,0.1797442927,,,,9.609e-07,4.6e-08,,,,,0.601180644,,1.0388955924,,,0.0,0.0004464,,,,0.0093,0.003906,0.0,,9.927e-07,,0.0,0.0,,,
2024-02-17,2024-02-17,,7.8507994897,,,0.00026412,,,0.0114700248,,,,,,,,,0.0,,7.19984e-05,0.1710906569,,,,7.235e-07,3.82e-08,,,,,0.581358996,,0.9953994924,,,0.0,0.0004278,,,,0.0093,0.003906,0.0,,9.927e-07,,0.0,0.0,,,
2024-02-18,2024-02-18,,7.8641967519,,,0.00024738,,,0.0114615505,,,,,,,,,0.0,,7.48136e-05,0.1710059024,,,,9.632e-07,4.28e-08,,,,,0.6115587,,0.9966522024,,,0.0,0.00041385,,,,0.0093,0.003906,0.0,,7.701e-07,,0.0,0.0,,,
2024-02-19,2024-02-19,,7.6849417645,,,0.00025761,,,0.0117819802,,,,,,,,,0.0,,6.96607e-05,0.1760028776,,,,9.554e-07,4.22e-08,,,,,0.603022044,,1.0286116524,,,0.0,0.000372,,,,0.0093,0.003906,0.0,,9.679e-07,,0.0,0.0,,,
2024-02-20,2024-02-20,,8.2545897987,,,0.00025203,,,0.0117097839,,,,,,,,,0.0,,7.10684e-05,0.1748506596,,,,7.325e-07,3.92e-08,,,,,0.59852382,,1.0476087624,,,0.0,0.0003999,,,,0.0093,0.003906,0.0,,9.958e-07,,0.0,0.0,,,
2024-02-21,2024-02-21,,8.0188304672,,,0.00025296,,,0.0114442489,,,,,,,,,0.0,,7.90112e-05,0.1706767653,,,,9.641e-07,4.2e-08,,,,,0.641262528,,1.0559341224,,,0.0,0.0003999,,,,0.0093,0.003906,0.0,,7.67e-07,,0.0,0.0,,,
2024-02-22,2024-02-22,,7.9004399639,,,0.00026319,,,0.0116822415,,,,,,,,,0.0,,7.24757e-05,0.1746033509,,,,9.51e-07,4.36e-08,,,,,0.59307402,,0.9819572724,,,0.0,0.00035805,,,,0.0093,0.005859,0.0,,9.896e-07,,0.0,0.0,,,
2024-02-23,2024-02-23,,7.8688750596,,,0.00026691,,,0.0117534063,,,,,,,,,0.0,,7.90104e-05,0.1757411385,,,,7.374e-07,4.38e-08,,,,,0.576393912,,0.9541939824,,,0.0,0.0004278,,,,0.0093,0.003906,0.0,,9.958e-07,,0.0,0.0,,,
2024-02-24,2024-02-24,,7.5423173721,,,0.00026598,,,0.0119849309,,,,,,,,,0.0,,7.62077e-05,0.1792054609,,,,9.63e-07,4.32e-08,,,,,0.565850316,,0.9262047024,,,0.0,0.00044175,,,,0.0093,0.003906,0.0,,7.67e-07,,0.0,0.0,,,
2024-02-25,2024-02-25,,8.0473603794,,,0.00023901,,,0.0118503643,,,,,,,,,0.0,,5.23663e-05,0.1772372903,,,,9.573e-07,4.2e-08,,,,,0.560837988,,0.9160100424,,,0.0,0.000372,,,,0.0093,0.003906,0.0,,9.803e-07,,0.0,0.0,,,
2024-02-26,2024-02-26,,7.9081861217,,,0.0233184578,,,0.0129324879,,,,,,,,,0.0,,8.29034e-05,0.1951585321,,,,7.251e-07,4.36e-08,,,,,0.577753572,,0.9597153924,,,0.0,0.00040455,,,,0.0093,0.003906,0.0,,9.927e-07,,0.0,0.0,,,
2024-02-27,2024-02-27,,7.6813327887,,,0.0175536144,,,0.0123209648,,,,,,,,,0.0,,0.000167568,0.1836111293,,,,9.552e-07,3.86e-08,,,,,0.6098683729,,0.9605551824,,,0.0,0.00030225,,,,0.0093,0.003906,0.0,,7.546e-07,,0.0,0.0,,,
2024-02-28,2024-02-28,,7.9334672696,,,0.0159223944,,,0.0125750585,,,,,,,,,0.0,,7.10676e-05,0.1878249177,,,,9.59e-07,3.92e-08,,,,,0.629926944,,0.9561218724,,,0.0,0.00038595,,,,0.0093,0.003906,0.0,,9.772e-07,,0.0,0.0,,,
2024-02-29,2024-02-29,,8.3617292228,,,0.0151086444,,,0.0126731477,,,,,,,,,0.0,,7.50108e-05,0.1891045265,,,,9.59e-07,3.86e-08,,,,,0.8533415449,,1.4247609624,,,0.0,0.00038595,,,,0.0093,0.003906,0.0,,9.865e-07,,0.0,0.0,,,
2024-03-01,2024-03-01,,7.9577326608,,,0.0202842672,,,0.0130062473,,,,,,,,,0.0,,6.96662e-05,0.1464409761,,,,7.323e-07,4e-08,,,,,0.719650368,,1.09358724,,,0.06743895,0.000372,,,,0.0093,0.0,0.0,,9.958e-07,,0.0,0.0,,,
2024-03-02,2024-03-02,,7.7576641483,,,0.0194783664,,,0.0129050151,,,,,,,,,0.0,,6.63985e-05,0.1921683628,,,,9.524e-07,3.84e-08,,,,,0.676982712,,1.02626175,,,0.0706335,0.00038595,,,,0.0093,0.0,0.0,,7.608e-07,,0.0,0.0,,,
2024-03-03,2024-03-03,,7.7555440416,,,0.0176027052,,,0.0126472224,,,,,,,,,0.0,,7.10736e-05,0.1891408641,,,,9.571e-07,4.08e-08,,,,,0.674093016,,1.01775783,,,0.0734607,0.0003999,,,,0.0093,0.0,0.0,,9.958e-07,,0.0,0.0,,,
2024-03-04,2024-03-04,,7.8596107373,,,0.0165741252,,,0.0134998779,,,,,,,,,0.0,,7.19984e-05,0.2018451169,,,,7.34e-07,4.14e-08,,,,,0.702437184,,1.06100841,,,0.0758229,0.0003999,,,,0.0093,0.001302,0.0,,9.865e-07,,0.0,0.0,,,
2024-03-05,2024-03-05,,7.6605279089,,,0.0151903224,,,0.0132388614,,,,,,,,,0.0,,6.78048e-05,0.1984816996,,,,9.537e-07,3.84e-08,,,,,0.707129592,,1.0682373,,,0.07762245,0.000372,,,,0.0093,0.001302,0.0,,7.546e-07,,0.0,0.0,,,
2024-03-06,2024-03-06,,8.2066794596,,,0.00018042,,,0.0131486363,,,,,,,,,0.0,,6.63931e-05,0.1960405378,,,,9.571e-07,4.16e-08,,,,,0.710780028,,1.0737336,,,0.0802683,0.00035805,,,,0.0093,0.001302,0.0,,9.834e-07,,0.0,0.0,,,
2024-03-07,2024-03-07,,8.0933889698,,,0.015730206,,,0.0129148442,,,,,,,,,0.0,,6.87308e-05,0.1925598471,,,,7.285e-07,5.66e-08,,,,,0.74907408,,1.13295135,,,0.08400225,0.00038595,,,,0.0093,0.001302,0.0,,9.803e-07,,0.0,0.0,,,
2024-03-08,2024-03-08,,8.2083589814,,,0.0163752912,,,0.0121923579,,,,,,,,,0.0,,6.6393e-05,0.181435677,,,,9.554e-07,6.4e-08,,,,,0.770060832,,1.16229657,,,0.08576925,0.000372,,,,0.0093,0.001302,0.0,,7.484e-07,,0.0,0.0,,,
2024-03-09,2024-03-09,,5.6155560708,,,0.0179091588,,,0.0125712457,,,,,,,,,0.0,,6.17178e-05,0.1870725378,,,,9.478e-07,6.52e-08,,,,,0.743262324,,1.122168,,,0.0890847,0.000372,,,,0.0093,0.001302,0.0,,9.617e-07,,0.0,0.0,,,
2024-03-10,2024-03-10,,5.3462301918,,,0.0181072488,,,0.0122282269,,,,,,,,,0.0,,6.49853e-05,0.182082447,,,,7.247e-07,6.34e-08,,,,,0.735436188,,1.10948187,,,0.09156315,0.00038595,,,,0.0093,0.000651,0.0,,7.546e-07,,0.0,0.0,,,
2024-03-11,2024-03-11,,6.0429222143,,,0.0199452636,,,0.0125734257,,,,,,,,,0.0,,7.48135e-05,0.1873057923,,,,9.516e-07,6.46e-08,,,,,0.76233774,,1.15036932,,,0.09428805,0.00038595,,,,0.0093,0.002604,0.0,,9.896e-07,,0.0,0.0,,,
2024-03-12,2024-03-12,,5.6632802542,,,0.026990831,,,0.0125513877,,,,,,,,,0.0,,7.29408e-05,0.1868773038,,,,7.323e-07,5.86e-08,,,,,0.746117052,,1.12894212,,,0.09617595,0.00039525,,,,0.0093,0.003906,0.0,,9.896e-07,,0.0,0.0,,,
2024-03-13,2024-03-13,,5.5570654699,,,0.0171478622,,,0.0127464663,,,,,,,,,0.0,,3.8806e-05,0.1900418634,,,,7.065e-07,5.12e-08,,,,,0.730370292,,1.10642403,,,0.0987753,0.0002232,,,,0.0093,0.003906,0.0,,7.205e-07,,0.0,0.0,,,
2024-03-14,2024-03-14,,5.6542167921,,,0.0154938038,,,0.0130279158,,,,,,,,,0.0,,1.5894e-05,0.1942327034,,,,6.877e-07,6.3e-08,,,,,0.754973256,,1.14405834,,,0.10118865,6.51e-05,,,,0.0093,0.005859,0.0,,4.607e-07,,0.0,0.0,,,
2024-03-15,2024-03-15,,5.61452645,,,0.0238402586,,,0.013139861,,,,,,,,,0.0,,5.6132e-06,0.1962175172,,,,2.286e-07,6.3e-08,,,,,0.748381788,,1.13275047,,,0.1035369,6.51e-05,,,,0.0093,0.005859,0.0,,2.287e-07,,0.0,0.0,,,
2024-03-16,2024-03-16,,5.4277670908,,,0.0202645598,,,0.0128500151,,,,,,,,,0.0,,1.96394e-05,0.1911640771,,,,4.598e-07,6.3e-08,,,,,0.730091292,,1.10475003,,,0.1062897,7.905e-05,,,,0.0093,0.01953,0.0,,4.638e-07,,0.0,0.0,,,
2024-03-17,2024-03-17,,5.0160981513,,,0.0213307514,,,0.0126485803,,,,,,,,,0.0,,7.4859e-06,0.1889720572,,,,2.286e-07,6.18e-08,,,,,0.72172278,,1.09028667,,,0.10877745,4.65e-05,,,,0.0,0.005859,0.0,,4.607e-07,,0.0,0.0,,,
2024-03-18,2024-03-18,,5.741930551,,,0.0169141838,,,0.0132394695,,,,,,,,,0.0,,5.5966e-06,0.1976288317,,,,2.305e-07,5.9e-08,,,,,0.746054184,,1.13564649,,,0.11135355,8.37e-05,,,,0.0093,0.0,0.0,,6.957e-07,,0.0,0.0,,,
2024-03-19,2024-03-19,,5.4310941405,,,0.0183747326,,,0.0132866987,,,,,,,,,0.0,,2.10344e-05,0.1984711942,,,,6.952e-07,5.94e-08,,,,,0.747700656,,1.13887731,,,0.1141296,8.835e-05,,,,0.0558,0.01953,0.0,,6.926e-07,,0.0,0.0,,,
2024-03-20,2024-03-20,,2.9051493647,,,0.017007821,,,0.0131460149,,,,,,,,,0.0,,1.40213e-05,0.1961807318,,,,4.617e-07,6.54e-08,,,,,0.760003812,,1.14961881,,,0.1166871,8.835e-05,,,,0.0558,0.003906,0.0,,3e-09,,0.0,0.0,,,
2024-03-21,2024-03-21,,2.8723759881,,,0.0185969702,,,0.0133721234,,,,,,,,,0.0,,1.73017e-05,0.1997428306,,,,0.0,6.24e-08,,,,,0.750073644,,1.13388321,,,0.11920275,6.51e-05,,,,0.0465,0.003906,0.0,,4.607e-07,,0.0,0.0,,,
2024-03-22,2024-03-22,,2.8399428453,,,0.0162015902,,,0.0130752345,,,,,,,,,0.0,,1.26263e-05,0.1952622944,,,,6.877e-07,6.14e-08,,,,,0.755906976,,1.14283632,,,0.1204815,9.3e-05,,,,0.0372,0.005859,0.0,,4.607e-07,,0.0,0.0,,,
2024-03-23,2024-03-23,,2.8007767856,,,0.0172946774,,,0.0132130422,,,,,,,,,0.0,,1.4964e-05,0.197702007,,,,2.305e-07,6.54e-08,,,,,0.739399104,,1.11722691,,,0.1204536,9.3e-05,,,,0.0558,0.007812,0.0,,4.607e-07,,0.0,0.0,,,
2024-03-24,2024-03-24,,5.2594285101,,,0.0185436326,,,0.0127467116,,,,,,,,,0.0,,1.82444e-05,0.1902868278,,,,4.598e-07,6.54e-08,,,,,0.731854944,,1.10597484,,,0.1204536,0.0001023,,,,0.0186,0.011718,0.0,,4.669e-07,,0.0,0.0,,,
2024-03-25,2024-03-25,,2.7795017943,,,0.0161510798,,,0.0123277987,,,,,,,,,0.0,,1.86959e-05,0.183262129,,,,6.896e-07,5.9e-08,,,,,0.750056532,,1.13359584,,,0.1298838,8.37e-05,,,,0.0186,0.005859,0.0,,6.926e-07,,0.0,0.0,,,
2024-03-26,2024-03-26,,2.72161753,,,0.0188990462,,,0.0129533087,,,,,,,,,0.0,,2.10463e-05,0.1919238055,,,,4.636e-07,6.4e-08,,,,,0.761619036,,1.15181454,,,0.13169265,6.51e-05,,,,0.0465,0.011718,0.0,,4.638e-07,,0.0,0.0,,,
2024-03-27,2024-03-27,,2.4171923242,,,0.0171782138,,,0.0129641243,,,,,,,,,1.019999983,,1.49633e-05,0.1934548422,,,,4.617e-07,6.18e-08,,,,,0.75017334,,1.1342487,,,0.13483605,7.905e-05,,,,0.0186,0.017577,0.0,,4.669e-07,,0.0,0.0,,,
2024-03-28,2024-03-28,,2.9789697817,,,0.0178615802,,,0.0131979097,,,,,,,,,1.9499999675,,2.19763e-05,0.1974102773,,,,6.915e-07,5.78e-08,,,,,0.747304104,,1.12999953,,,0.13722615,9.3e-05,,,,0.0372,0.005859,0.0,,7.081e-07,,0.0,0.0,,,
2024-03-29,2024-03-29,,2.3299303858,,,0.0209843366,,,0.0142529677,,,,,,,,,2.159999964,,2.10336e-05,0.2134225292,,,,6.915e-07,5.9e-08,,,,,0.74422878,,1.12554948,,,0.1405881,9.765e-05,,,,0.0,0.001953,0.0,,6.957e-07,,0.0,0.0,,,
2024-03-30,2024-03-30,,3.0386645333,,,0.020059361,,,0.0138220106,,,,,,,,,2.159999964,,6.5551e-06,0.2069070586,,,,4.579e-07,5.9e-08,,,,,0.724033272,,1.094547,,,0.1429503,4.65e-05,,,,0.0186,0.005859,0.0,,2.287e-07,,0.0,0.0,,,
2024-03-31,2024-03-31,,5.1016835819,,,0.018237791,,,0.0132647089,,,,,,,,,2.159999964,,1.35555e-05,0.1980665118,,,,6.877e-07,5.94e-08,,,,,0.721927008,,1.09087257,,,0.13854675,6.51e-05,,,,0.0465,0.0,0.0,,6.895e-07,,0.0,0.0,,,
2024-04-01,2024-04-01,,7.8361461969,,,0.0151398368,,,0.013105833,,,,,,,,,2.1120000192,,8.44e-08,0.1571320643,,,,2.231e-07,5.29e-08,,,,,0.707591104,,1.0733380512,,,0.1311068,7.48e-05,,,,0.0176,0.0,0.0,,2.285e-07,,0.0,0.0,,,
2024-04-02,2024-04-02,,7.9286897126,,,0.020387664,,,0.0128020608,,,,,,,,,2.1120000192,,1.94685e-05,0.1909694889,,,,6.531e-07,5.66e-08,,,,,0.72588736,,1.1010369312,,,0.1341648,8.8e-05,,,,0.0264,0.0,0.0,,6.617e-07,,0.0,0.0,,,
2024-04-03,2024-04-03,,7.9279259918,,,0.0214715424,,,0.0135818125,,,,,,,,,2.1120000192,,2.30125e-05,0.2033800063,,,,8.7e-07,5.61e-08,,,,,0.717803328,,1.0883121312,,,0.2316204,0.0001012,,,,0.044,0.003696,0.0,,8.784e-07,,0.0,0.0,,,
2024-04-04,2024-04-04,,7.6490892221,,,0.01734832,,,0.0137662206,,,,,,,,,2.1120000192,,3.84965e-05,0.2061745417,,,,6.675e-07,5.4e-08,,,,,0.72955168,,1.1047276512,,,0.14058,0.0002068,,,,0.0088,0.002464,0.0,,6.82e-07,,0.0,0.0,,,
2024-04-05,2024-04-05,,7.9192667987,,,0.0159157856,,,0.01370915,,,,,,,,,2.1120000192,,5.26434e-05,0.2051118573,,,,8.916e-07,5.6e-08,,,,,0.719956864,,1.0910867712,,,0.1424896,0.000286,,,,0.0088,0.003696,0.0,,9.161e-07,,0.0,0.0,,,
2024-04-06,2024-04-06,,8.0887852872,,,0.014874816,,,0.013458938,,,,,,,,,2.1120000192,,5.53076e-05,0.2027232319,,,,6.765e-07,5.67e-08,,,,,0.69842432,,1.0581844512,,,0.1462824,0.0003124,,,,0.0088,0.003696,0.0,,7.081e-07,,0.0,0.0,,,
2024-04-07,2024-04-07,,7.8500980683,,,0.0182098752,,,0.0131571623,,,,,,,,,2.1120000192,,6.14916e-05,0.1982738441,,,,8.98e-07,5.72e-08,,,,,0.691591296,,1.0478567712,,,0.1488256,0.0003124,,,,0.0088,0.003696,0.0,,9.248e-07,,0.0,0.0,,,
2024-04-08,2024-04-08,,7.9604891882,,,0.0198924,,,0.0140101221,,,,,,,,,2.1120000192,,5.83996e-05,0.2102042453,,,,9.002e-07,5.97e-08,,,,,0.716161952,,1.0854054912,,,0.1507748,0.0003388,,,,0.0088,0.003696,0.0,,9.25e-07,,0.0,0.0,,,
2024-04-09,2024-04-09,,7.9841324108,,,0.0162923552,,,0.0133508402,,,,,,,,,2.1120000192,,6.37036e-05,0.1999496622,,,,6.901e-07,6.29e-08,,,,,0.7180096,,1.0875861312,,,0.1536304,0.0002992,,,,0.0088,0.003696,0.0,,9.339e-07,,0.0,0.0,,,
2024-04-10,2024-04-10,,7.9397942319,,,0.0152650432,,,0.0134585099,,,,,,,,,2.1120000192,,5.53076e-05,0.2013691895,,,,8.982e-07,7.03e-08,,,,,0.71917472,,1.0903898112,,,0.1564112,0.0003124,,,,0.0088,0.001848,0.0,,7.111e-07,,0.0,0.0,,,
2024-04-11,2024-04-11,,7.9652626199,,,0.0184073826,,,0.0131604049,,,,,,,,,2.1120000192,,6.37034e-05,0.1984829985,,,,9.014e-07,5.63e-08,,,,,0.715615648,,1.0842333312,,,0.1603228,0.0003388,,,,0.0088,0.003696,0.0,,9.34e-07,,0.0,0.0,,,
2024-04-12,2024-04-12,,8.0292896045,,,0.0226888756,,,0.013388332,,,,,,,,,2.1120000192,,6.50356e-05,0.2004988351,,,,8.962e-07,5.4e-08,,,,,0.719054688,,1.0898248512,,,0.162954,0.0003916,,,,0.0088,0.003696,0.0,,9.339e-07,,0.0,0.0,,,
2024-04-13,2024-04-13,,7.9386202834,,,0.0213221176,,,0.0132468166,,,,,,,,,2.1120000192,,6.37036e-05,0.1980866074,,,,6.951e-07,5.66e-08,,,,,0.694759648,,1.0519910112,,,0.1942556,0.0003784,,,,0.0088,0.003696,0.0,,9.368e-07,,0.0,0.0,,,
2024-04-14,2024-04-14,,7.8465958049,,,0.0143363258,,,0.012927672,,,,,,,,,2.1120000192,,6.63676e-05,0.1933318647,,,,9.068e-07,5.66e-08,,,,,0.689264928,,1.0441977312,,,0.1687488,0.0003784,,,,0.0088,0.003696,0.0,,7.23e-07,,0.0,0.0,,,
2024-04-15,2024-04-15,,8.045176728,,,0.0172849708,,,0.0136066308,,,,,,,,,2.1120000192,,6.81275e-05,0.2037965769,,,,9.068e-07,5.62e-08,,,,,0.715328416,,1.0828974912,,,0.171402,0.0003652,,,,0.0088,0.003696,0.0,,9.309e-07,,0.0,0.0,,,
2024-04-16,2024-04-16,,8.063538764,,,0.0200094268,,,0.0137143124,,,,,,,,,2.1120000192,,6.59155e-05,0.2055544996,,,,6.901e-07,5.33e-08,,,,,0.720293376,,1.0917890112,,,0.1745216,0.0003784,,,,0.0088,0.003696,0.0,,9.192e-07,,0.0,0.0,,,
2024-04-17,2024-04-17,,8.0811205735,,,0.0158803394,,,0.0135915118,,,,,,,,,2.1120000192,,5.97315e-05,0.2034805921,,,,9.084e-07,5.53e-08,,,,,0.717511872,,1.0866410112,,,0.1772848,0.000352,,,,0.0088,0.003696,0.0,,7.14e-07,,0.0,0.0,,,
2024-04-18,2024-04-18,,8.0895566577,,,0.0191346964,,,0.0141031965,,,,,,,,,2.1120000192,,5.92795e-05,0.211803071,,,,8.982e-07,5.41e-08,,,,,0.715574816,,1.0846108512,,,0.1800524,0.0003388,,,,0.0088,0.003696,0.0,,9.312e-07,,0.0,0.0,,,
2024-04-19,2024-04-19,,7.9725680299,,,0.0158689924,,,0.0136182154,,,,,,,,,2.1120000192,,5.61876e-05,0.2039825345,,,,9.012e-07,5.28e-08,,,,,0.714176672,,1.0825780512,,,0.1821468,0.0003388,,,,0.0088,0.003696,0.0,,9.249e-07,,0.0,0.0,,,
2024-04-20,2024-04-20,,8.3646220294,,,0.0194674996,,,0.0134121223,,,,,,,,,2.1120000192,,5.48555e-05,0.201054424,,,,6.835e-07,5.34e-08,,,,,0.699205408,,1.0586966112,,,0.1863928,0.0002992,,,,0.0088,0.003696,0.0,,7.143e-07,,0.0,0.0,,,
2024-04-21,2024-04-21,,7.9871960176,,,0.0166141988,,,0.0131600007,,,,,,,,,2.1120000192,,5.97316e-05,0.1971378738,,,,8.998e-07,5.63e-08,,,,,0.688567968,,1.0428724512,,,0.1897852,0.0003388,,,,0.0088,0.003696,0.0,,9.221e-07,,0.0,0.0,,,
2024-04-22,2024-04-22,,8.2276194693,,,0.0210702484,,,0.0134381046,,,,,,,,,2.1120000192,,0.0001763357,0.2015396919,,,,8.962e-07,5.31e-08,,,,,0.7167780806,,1.0849936512,,,0.1927068,0.000352,,,,0.0088,0.003696,0.0,,9.249e-07,,0.0,0.0,,,
2024-04-23,2024-04-23,,8.313418709,,,0.016509961,,,0.0138137407,,,,,,,,,2.1120000192,,5.92758e-05,0.2074572447,,,,6.865e-07,5.33e-08,,,,,0.717085248,,1.0864456512,,,0.1954788,0.0003388,,,,0.0088,0.003696,0.0,,7.14e-07,,0.0,0.0,,,
2024-04-24,2024-04-24,,7.9111275304,,,0.0166020556,,,0.0137837694,,,,,,,,,2.1120000192,,5.66471e-05,0.2064477343,,,,8.948e-07,4.83e-08,,,,,0.706900832,,1.0717223712,,,0.1989328,0.0003036,,,,0.0088,0.003696,0.0,,9.193e-07,,0.0,0.0,,,
2024-04-25,2024-04-25,,8.4552438029,,,0.0233503292,,,0.0136199782,,,,,,,,,2.1120000192,,6.02186e-05,0.2033677502,,,,8.952e-07,5.04e-08,,,,,0.712282208,,1.0796291712,,,0.2017752,0.0003388,,,,0.0088,0.003696,0.0,,9.248e-07,,0.0,0.0,,,
2024-04-26,2024-04-26,,8.2831644825,,,0.0193468194,,,0.0130344121,,,,,,,,,2.1120000192,,5.75076e-05,0.1943185612,,,,6.835e-07,4.95e-08,,,,,0.71467264,,1.0834149312,,,0.2131404,0.0003388,,,,0.0,0.003696,0.0,,7.083e-07,,0.0,0.0,,,
2024-04-27,2024-04-27,,8.282875925,,,0.01870481,,,0.0130595071,,,,,,,,,2.1120000192,,5.48556e-05,0.1942769898,,,,8.964e-07,5.16e-08,,,,,0.689801728,,1.0459638912,,,0.2079132,0.0002992,,,,0.0088,0.003696,0.0,,9.251e-07,,0.0,0.0,,,
2024-04-28,2024-04-28,,8.1924709802,,,0.0193063188,,,0.0129640751,,,,,,,,,2.1120000192,,5.75196e-05,0.1931630451,,,,6.849e-07,5.38e-08,,,,,0.684516448,,1.0373627712,,,0.2112616,0.0002992,,,,0.0088,0.001848,0.0,,6.998e-07,,0.0,0.0,,,
2024-04-29,2024-04-29,,8.4168796148,,,0.0189641508,,,0.0133353849,,,,,,,,,2.1120000192,,4.86596e-05,0.1990869195,,,,8.914e-07,6.06e-08,,,,,0.7342016,,1.1124126912,,,0.2126608,0.000308,,,,0.0088,0.003696,0.0,,9.133e-07,,0.0,0.0,,,
2024-04-30,2024-04-30,,8.5418131568,,,0.0221192436,,,0.0134064226,,,,,,,,,2.1120000192,,5.48547e-05,0.1982312592,,,,8.995e-07,6.7e-08,,,,,0.767583168,,1.1629422912,,,0.2681976,0.0003124,,,,0.0088,0.003696,0.0,,7.113e-07,,0.0,0.0,,,
